Ticker,Name,Series Type,Currency,Country,Sector,Industry,Sic,Exchange,Cik,Fiscal_End,Units,Scale,Flow,Adjustment,Periodicity,Metadata,Corporate_History,Data Notes
_DJCD,Dow Jones-AIG Commodity Index,Commodity Indices,United States Dollar,United States,,,,,,,Index Number,Units,Stock,none,Daily From Oct 1933 To Feb 2014<BR>,"This index replaced the Dow Jones Futures Price Index, and was renamed and rebased in 1999. The index was back-calculated to 1990.  Data in the index from 1933 to 1989 is from the Dow Jones Futures Index, and data from 1990 on is from the Dow Jones-AIG Commodity Index. The Dow Jones - AIG Commodity Index (DJ-AIGCI)Â® is designed to be a highly liquid and diversified benchmark for commodities as an asset class. Commodities have demonstrated a low historic correlation with stocks and bonds and positive returns over time. Including commodities in a traditional investment portfolio may increase diversification and reduce overall portfolio risk. The DJ-AIGCI is composed of futures contracts on 19 physical commodities. Unlike equities, which entitle the holder to a continuing stake in a corporation, commodity futures contracts specify a delivery date for the underlying physical commodity. In order to avoid delivery and maintain a long futures position, nearby contracts must be sold and contracts that have not yet reached the delivery period must be purchased. This process is known as ""rolling"" a futures position. The DJ-AIGCI is a ""rolling index."" The DJ-AIGCI is composed of commodities traded on U.S. exchanges, with the exception of aluminum, nickel and zinc, which trade on the London Metal Exchange (LME). Trading hours for the U.S. commodity exchanges are between 8:00 am and 3:00 pm ET. A daily settlement price for the index is published at approximately 5:00 pm ET.",,Currency converted to CAD using Canada Dollar per US Dollar (USDCAD)
Date,Ticker,Open,High,Low,Close,Volume,Openint
01/02/2009,_DJCD,141.3973514,145.7977192,141.0705433,145.5523094,,
01/05/2009,_DJCD,140.9346792,143.6946084,139.8601848,143.2928616,,
01/06/2009,_DJCD,145.250497,146.631624,144.137067,146.236001,,
01/07/2009,_DJCD,147.2591826,147.2962524,142.0861518,142.210515,,
01/08/2009,_DJCD,139.5523805,140.0452443,137.4075976,137.9535209,,
01/09/2009,_DJCD,139.9662921,140.9644641,138.4951767,140.5378644,,
01/12/2009,_DJCD,141.4970442,141.4994768,137.7836803,137.8371975,,
01/13/2009,_DJCD,137.2991235,140.3268174,137.2905534,138.9127509,,
01/14/2009,_DJCD,141.3993456,141.4205565,137.4029625,139.4541813,,
01/15/2009,_DJCD,140.1113961,140.6184156,137.0567601,139.4629119,,
01/16/2009,_DJCD,140.4936246,142.2434608,139.7896962,140.8218749,,
01/20/2009,_DJCD,140.0593614,143.0447376,138.9219546,139.8174408,,
01/21/2009,_DJCD,138.2214704,139.6741996,136.8076648,139.597608,,
01/22/2009,_DJCD,139.656608,139.6829252,135.6225572,138.2179344,,
01/23/2009,_DJCD,135.27459,140.245368,134.649242,139.392285,,
01/26/2009,_DJCD,138.9252606,142.6566358,138.3530838,139.6796048,,
01/27/2009,_DJCD,138.3521328,139.1593014,135.2265012,135.3185037,,
01/28/2009,_DJCD,133.7324728,136.0661036,133.5988448,135.152574,,
01/29/2009,_DJCD,134.1787524,135.9382892,133.5351388,135.6348364,,
01/30/2009,_DJCD,135.4877883,137.4787224,135.2044206,136.077831,,
02/02/2009,_DJCD,135.7746939,137.3536572,135.1336671,135.9548274,,
02/03/2009,_DJCD,135.0122748,135.5638076,134.1628158,135.1452336,,
02/04/2009,_DJCD,136.317026,137.9325713,135.405124,135.8549135,,
02/05/2009,_DJCD,136.3886156,137.7187436,134.9501068,137.6349948,,
02/06/2009,_DJCD,137.2349968,140.167379,135.9801872,138.6454322,,
02/09/2009,_DJCD,137.586007,139.3598592,137.0911764,137.1629086,,
02/10/2009,_DJCD,141.123206,142.225916,137.629422,137.752776,,
02/11/2009,_DJCD,136.969729,138.4111105,136.0199815,136.3502205,,
02/12/2009,_DJCD,136.4175792,136.621464,134.9381712,135.5759328,,
02/13/2009,_DJCD,134.4249256,134.6841496,133.117696,133.512704,,
02/17/2009,_DJCD,134.3991588,134.4383614,130.8114886,130.9101274,,
02/18/2009,_DJCD,129.9430026,130.285777,128.9008172,129.2372906,,
02/19/2009,_DJCD,130.8802796,131.0867392,128.8509328,130.9973573,,
02/20/2009,_DJCD,127.743577,128.771488,126.8994895,128.656442,,
02/23/2009,_DJCD,129.6967452,130.7378286,127.6183278,128.2082334,,
02/24/2009,_DJCD,127.1192226,129.1583292,127.1005836,129.1421754,,
02/25/2009,_DJCD,130.8346788,132.7861786,129.926157,132.3187234,,
02/26/2009,_DJCD,132.1138896,134.1927972,131.687094,133.5319524,,
02/27/2009,_DJCD,133.7716068,135.1527033,132.5508957,134.9121252,,
03/02/2009,_DJCD,134.895965,135.161808,131.2167495,131.6297095,,
03/03/2009,_DJCD,133.1608518,134.1578319,131.7293901,133.551368,,
03/04/2009,_DJCD,132.9357717,136.1961936,132.9306753,136.0891692,,
03/05/2009,_DJCD,136.0147968,136.9388664,134.4244176,134.9734464,,
03/06/2009,_DJCD,135.9741625,136.8290625,135.051025,136.261275,,
03/09/2009,_DJCD,136.842548,138.5046085,135.839334,136.2304835,,
03/10/2009,_DJCD,135.0369077,136.5985686,133.9492538,134.2105982,,
03/11/2009,_DJCD,134.481675,135.02009,131.77932,131.952795,,
03/12/2009,_DJCD,131.3807802,135.7760682,130.9489176,135.5831355,,
03/13/2009,_DJCD,136.2815412,136.9442011,134.2655797,134.7463579,,
03/16/2009,_DJCD,134.1754172,137.11027,133.6400736,136.5622104,,
03/17/2009,_DJCD,136.2938179,137.6515409,135.6086119,137.3812652,,
03/18/2009,_DJCD,134.7149808,134.8034255,131.7340207,132.5624112,,
03/19/2009,_DJCD,137.423365,140.740267,137.0725865,139.4201995,,
03/20/2009,_DJCD,139.704334,140.76663,138.968421,139.992246,,
03/23/2009,_DJCD,139.5120345,140.38439,138.6629255,139.728594,,
03/24/2009,_DJCD,139.2118776,139.6594884,138.1998345,139.5008571,,
03/25/2009,_DJCD,137.9037054,139.5543174,137.4171444,138.491274,,
03/26/2009,_DJCD,139.8691495,140.8478315,138.185964,138.820386,,
03/27/2009,_DJCD,138.1030616,138.4147534,136.5830984,136.8240076,,
03/30/2009,_DJCD,136.9360861,137.4824022,134.8454492,135.1987252,,
03/31/2009,_DJCD,136.9977476,138.5874903,135.0575303,138.4021674,,
04/01/2009,_DJCD,136.84986,137.0376,135.56088,136.94562,,
04/02/2009,_DJCD,137.0336772,139.1005371,137.0299665,138.8976855,,
04/03/2009,_DJCD,137.839245,139.8175105,137.094168,139.7634125,,
04/06/2009,_DJCD,140.570784,140.6488032,137.3459904,138.4642656,,
04/07/2009,_DJCD,137.8265589,138.4179883,136.8020745,136.9666354,,
04/08/2009,_DJCD,135.531879,139.0295795,135.514582,137.5939285,,
04/09/2009,_DJCD,137.849074,139.0991864,137.7474488,138.5053524,,
04/13/2009,_DJCD,138.0191502,138.9327804,136.4565864,138.0276888,,
04/14/2009,_DJCD,138.0888864,138.7938184,136.7665312,137.7668054,,
04/15/2009,_DJCD,136.7724457,137.2617818,135.7745367,136.7772549,,
04/16/2009,_DJCD,137.17891,138.00534,136.57996,137.05428,,
04/17/2009,_DJCD,137.1477224,138.192632,137.1452952,137.83462,,
04/20/2009,_DJCD,137.8797134,138.233953,135.570963,135.7864794,,
04/21/2009,_DJCD,135.052376,136.499432,133.5546112,135.7734304,,
04/22/2009,_DJCD,135.8605872,136.6607742,135.2837082,136.466,,
04/23/2009,_DJCD,135.0829025,135.1550772,133.5342047,134.232709,,
04/27/2009,_DJCD,131.903409,133.920501,130.747122,132.604263,,
04/28/2009,_DJCD,130.9037652,131.6982456,130.3680096,131.1856776,,
04/29/2009,_DJCD,130.837338,132.5211744,130.5713424,132.2407356,,
04/30/2009,_DJCD,131.9921838,132.0423192,130.5036399,131.9886027,,
05/01/2009,_DJCD,131.4904003,135.4735214,131.4347006,135.2542779,,
05/04/2009,_DJCD,134.2519102,135.8156525,133.9070188,135.7722478,,
05/05/2009,_DJCD,135.8970088,136.5647496,134.735516,135.4984804,,
05/06/2009,_DJCD,135.1758562,138.2861777,135.1746891,138.278008,,
05/07/2009,_DJCD,140.3884966,141.040966,138.3246821,139.5419234,,
05/08/2009,_DJCD,138.3535797,139.0194876,137.1367739,138.9711834,,
05/11/2009,_DJCD,138.9070749,140.5608556,138.5744514,140.4558166,,
05/12/2009,_DJCD,141.927864,142.532208,139.690629,140.8737486,,
05/13/2009,_DJCD,141.8797688,142.3197188,139.9709724,140.4425988,,
05/14/2009,_DJCD,138.31155,140.85864,137.89035,140.63634,,
05/15/2009,_DJCD,140.2040073,141.2757143,138.3314643,138.6117569,,
05/18/2009,_DJCD,137.1427904,139.5798096,136.9974529,139.349595,,
05/19/2009,_DJCD,139.6530024,140.0089888,137.8164362,138.5411228,,
05/20/2009,_DJCD,137.3334204,139.4069292,136.9669026,138.523176,,
05/21/2009,_DJCD,135.8683338,136.1340876,134.2931179,135.7150143,,
05/22/2009,_DJCD,135.206729,135.4854596,134.1354632,135.0589682,,
05/26/2009,_DJCD,132.6537284,135.5204755,132.1236759,135.4066537,,
05/27/2009,_DJCD,136.2811296,136.6983648,135.4152544,136.2171984,,
05/28/2009,_DJCD,134.919882,137.591254,134.736072,137.151224,,
05/29/2009,_DJCD,136.1238435,136.620021,135.446643,136.238346,,
06/01/2009,_DJCD,138.551621,140.9238935,138.3705648,140.8628143,,
06/02/2009,_DJCD,139.2311232,139.4333824,138.2241536,138.974784,,
06/03/2009,_DJCD,141.653876,141.8074424,137.3017152,138.20976,,
06/04/2009,_DJCD,136.6751408,140.8250536,136.5566972,140.3819868,,
06/05/2009,_DJCD,143.3836783,144.6200628,140.9467141,142.1685529,,
06/08/2009,_DJCD,140.2767764,141.5014672,139.9586024,140.4274904,,
06/09/2009,_DJCD,140.6303211,141.7465662,140.1566622,141.5886799,,
06/10/2009,_DJCD,143.4838808,143.502727,141.6757542,142.2289456,,
06/11/2009,_DJCD,142.6243924,145.0461455,141.9927745,144.5291668,,
06/12/2009,_DJCD,144.7127946,145.1804112,143.6175873,144.1914804,,
06/15/2009,_DJCD,143.5210686,144.519669,142.0356222,142.691166,,
06/16/2009,_DJCD,145.2660651,145.6371774,142.1643834,142.6433112,,
06/17/2009,_DJCD,141.0154137,143.2395495,140.7178818,143.0608041,,
06/18/2009,_DJCD,142.6438984,143.6268216,142.189806,142.976824,,
06/19/2009,_DJCD,144.1747265,144.418773,141.2915725,141.581023,,
06/22/2009,_DJCD,141.7968445,141.7968445,139.0214265,139.652938,,
06/23/2009,_DJCD,140.0132328,141.452532,139.0061832,141.1812264,,
06/24/2009,_DJCD,142.1880824,143.6523543,142.0320629,142.5417266,,
06/25/2009,_DJCD,142.8284648,144.5345202,134.7910739,144.1039663,,
06/26/2009,_DJCD,144.2643464,144.5144172,142.0874628,142.8042556,,
06/29/2009,_DJCD,144.0105792,144.8363916,143.776946,144.3714384,,
06/30/2009,_DJCD,145.6391625,145.9414125,140.6752875,142.4481,,
07/01/2009,_DJCD,142.1354257,143.7166348,141.2420483,141.9264351,,
07/02/2009,_DJCD,142.0092576,142.155846,140.3106936,140.7935046,,
07/06/2009,_DJCD,135.9174913,137.8071503,135.7215696,136.9237637,,
07/07/2009,_DJCD,138.9826472,138.9826472,135.1944472,135.501,,
07/08/2009,_DJCD,134.741695,134.7813764,131.9336524,132.1589027,,
07/09/2009,_DJCD,133.1284966,133.8429421,131.7332949,133.3666451,,
07/10/2009,_DJCD,131.9417676,132.8330852,131.3599676,132.6376004,,
07/13/2009,_DJCD,130.6391623,131.5728666,129.6386826,131.3345475,,
07/14/2009,_DJCD,131.289774,131.706718,130.366379,130.973667,,
07/15/2009,_DJCD,130.62357,131.4867924,130.2809508,130.6947636,,
07/16/2009,_DJCD,130.5810856,132.3073141,130.3352796,132.2425107,,
07/17/2009,_DJCD,131.4829566,134.2895859,131.1411735,133.9177437,,
07/20/2009,_DJCD,134.9376974,135.0173726,132.897127,134.5891184,,
07/21/2009,_DJCD,133.9273654,135.552159,132.5398888,133.4229288,,
07/22/2009,_DJCD,132.4974892,134.209255,131.7158158,133.7046304,,
07/23/2009,_DJCD,132.5165814,134.6549652,132.0882507,134.188488,,
07/24/2009,_DJCD,134.055312,134.5367201,133.4511068,134.0074972,,
07/27/2009,_DJCD,134.0673192,134.212133,132.980135,133.6944777,,
07/28/2009,_DJCD,133.5370834,133.8881159,131.415767,132.3219709,,
07/29/2009,_DJCD,131.954076,132.526746,129.6699408,130.3244208,,
07/30/2009,_DJCD,131.196786,134.560584,131.117727,134.464197,,
07/31/2009,_DJCD,134.5573112,136.393712,132.3566478,136.3021075,,
08/03/2009,_DJCD,138.3640938,140.4549972,137.9623249,139.8688622,,
08/04/2009,_DJCD,139.0602202,141.9583572,138.8523686,141.178378,,
08/05/2009,_DJCD,141.76751,142.32819,140.38079,142.22226,,
08/06/2009,_DJCD,142.5635445,142.9385841,139.6839301,140.5299246,,
08/07/2009,_DJCD,140.7840853,142.7430385,140.4975938,140.8035451,,
08/10/2009,_DJCD,142.4312334,142.7533406,140.8598726,141.2342134,,
08/11/2009,_DJCD,143.9671515,144.0596775,141.2993185,141.9139555,,
08/12/2009,_DJCD,139.6865736,142.2700986,139.4276772,141.718584,,
08/13/2009,_DJCD,144.2410866,144.5908752,142.2336042,142.2651069,,
08/14/2009,_DJCD,143.782002,143.861058,139.80834,140.007078,,
08/17/2009,_DJCD,138.1257592,138.8225025,137.1653833,138.650809,,
08/18/2009,_DJCD,138.4620438,139.1030004,136.8596523,138.8640183,,
08/19/2009,_DJCD,136.700861,139.542183,135.7169055,139.288259,,
08/20/2009,_DJCD,138.553086,138.732573,136.7832354,137.0225514,,
08/21/2009,_DJCD,137.8017792,138.8567376,137.5672239,137.9098692,,
08/24/2009,_DJCD,138.12903,138.9772332,137.7135396,138.5875764,,
08/25/2009,_DJCD,139.5014412,140.0296746,137.3200329,137.9526087,,
08/26/2009,_DJCD,139.3464288,139.3958253,137.9205165,138.8799063,,
08/27/2009,_DJCD,137.4125632,137.969312,135.8477946,137.8018524,,
08/28/2009,_DJCD,140.092104,140.4337122,138.7071174,139.5289416,,
08/31/2009,_DJCD,138.3458945,138.353556,136.5093235,137.5994455,,
09/01/2009,_DJCD,138.321518,139.8609005,136.1906595,136.266801,,
09/02/2009,_DJCD,135.93268,137.05978,135.169125,136.568055,,
09/03/2009,_DJCD,137.7401011,137.7401011,135.6225828,136.2453823,,
09/04/2009,_DJCD,134.214592,134.538816,132.688128,133.748928,,
09/08/2009,_DJCD,135.267827,136.7327085,135.1307305,135.425434,,
09/09/2009,_DJCD,135.682489,136.4405339,135.1196164,135.1778446,,
09/10/2009,_DJCD,134.5250448,135.6884208,133.389676,135.5807008,,
09/11/2009,_DJCD,136.02654,137.1299525,132.8971545,133.262088,,
09/14/2009,_DJCD,133.1436944,134.5746016,132.8187344,134.4294528,,
09/15/2009,_DJCD,134.0564344,136.280592,133.2843064,135.7465368,,
09/16/2009,_DJCD,135.7143988,138.2095408,135.6621501,138.1274357,,
09/17/2009,_DJCD,137.8819372,138.5723164,136.9486468,137.378003,,
09/18/2009,_DJCD,137.1227648,137.6101376,136.1084736,136.282688,,
09/21/2009,_DJCD,136.0113705,136.0286233,134.6268333,135.0042383,,
09/22/2009,_DJCD,135.716224,136.4312512,134.9979904,136.117024,,
09/23/2009,_DJCD,136.068125,136.253025,134.5814,135.5919,,
09/24/2009,_DJCD,136.6259804,136.9930408,133.7254408,134.7078992,,
09/25/2009,_DJCD,135.230541,135.516383,133.841698,134.593397,,
09/28/2009,_DJCD,133.3320402,134.9658996,133.095532,134.3073653,,
09/29/2009,_DJCD,134.013834,135.143883,133.37181,134.605971,,
09/30/2009,_DJCD,133.880491,136.512369,132.453376,136.493127,,
10/01/2009,_DJCD,137.0634804,138.2413536,135.0642384,135.9343692,,
10/02/2009,_DJCD,133.7883918,135.1182126,132.5308908,134.0334156,,
10/05/2009,_DJCD,132.7199664,135.0919728,131.974968,134.383368,,
10/06/2009,_DJCD,134.8520854,136.5757292,134.5819384,135.0777376,,
10/07/2009,_DJCD,135.6160979,136.5702066,134.3627026,134.9580919,,
10/08/2009,_DJCD,135.3031056,137.8533168,134.3370528,137.1511152,,
10/09/2009,_DJCD,135.3879544,136.0238184,134.2475688,134.6541048,,
10/12/2009,_DJCD,135.772335,136.871505,135.38835,136.43784,,
10/13/2009,_DJCD,137.1717369,137.1841173,134.2829769,135.5674434,,
10/14/2009,_DJCD,135.0431949,135.6104355,134.7595746,135.2336403,,
10/15/2009,_DJCD,135.1680064,138.0930944,134.8734304,137.7964512,,
10/16/2009,_DJCD,137.6536116,139.2672864,137.3426916,139.2102844,,
10/19/2009,_DJCD,138.6074139,140.6091246,138.4429179,140.4065889,,
10/20/2009,_DJCD,143.2420506,143.9189136,141.7351122,142.5536442,,
10/21/2009,_DJCD,140.4663702,145.5062986,140.4392626,144.8233956,,
10/22/2009,_DJCD,144.65352,144.951915,143.295561,144.420039,,
10/23/2009,_DJCD,146.3490595,146.838937,144.3263395,144.664513,,
10/26/2009,_DJCD,147.112728,147.964992,143.786976,144.32952,,
10/27/2009,_DJCD,144.167658,144.73179,142.810548,143.5566924,,
10/28/2009,_DJCD,144.1192788,144.7776687,142.1797854,142.3624913,,
10/29/2009,_DJCD,140.990179,144.24773,140.520699,143.800657,,
10/30/2009,_DJCD,145.077903,145.7568,142.592229,143.004339,,
11/02/2009,_DJCD,142.986337,143.907856,142.21571,143.5155368,,
11/03/2009,_DJCD,141.0906562,144.0353369,140.3595557,143.6596473,,
11/04/2009,_DJCD,144.0603,144.656082,142.693506,143.240436,,
11/05/2009,_DJCD,143.561418,143.896142,142.494352,142.54019,,
11/06/2009,_DJCD,143.3579788,143.6318743,140.8241769,141.1571479,,
11/09/2009,_DJCD,140.406124,141.3716736,139.724746,141.0684868,,
11/10/2009,_DJCD,139.4691045,140.271972,138.210754,139.2340165,,
11/11/2009,_DJCD,139.9916048,140.7380204,139.1437854,139.4647232,,
11/12/2009,_DJCD,139.553988,139.8822485,138.568151,138.766585,,
11/13/2009,_DJCD,138.117053,138.762926,137.145618,138.285085,,
11/16/2009,_DJCD,139.7394152,142.7846728,139.3550928,142.5061176,,
11/17/2009,_DJCD,142.2201366,143.6443771,142.2201366,143.3879087,,
11/18/2009,_DJCD,145.143108,145.2769533,143.0901108,143.4505446,,
11/19/2009,_DJCD,143.5979184,144.1933104,142.2125688,143.228988,,
11/20/2009,_DJCD,143.0969781,144.5517701,142.7782075,144.3068088,,
11/23/2009,_DJCD,144.4799349,145.3994496,142.4709378,142.8066504,,
11/24/2009,_DJCD,143.074512,143.1411912,141.1789176,141.7853808,,
11/25/2009,_DJCD,141.3278279,143.4681927,140.8523074,143.4337044,,
11/27/2009,_DJCD,142.0333726,144.5893659,140.0954051,143.7005556,,
11/30/2009,_DJCD,142.8599994,144.5697474,142.0135686,144.0547122,,
12/01/2009,_DJCD,143.4887545,144.8638555,143.383058,143.9722375,,
12/02/2009,_DJCD,144.5470914,145.2018021,143.2145502,143.594976,,
12/03/2009,_DJCD,144.768122,144.9664056,143.280995,143.5720922,,
12/04/2009,_DJCD,143.6276994,144.9737696,142.0003608,142.5258886,,
12/07/2009,_DJCD,141.028233,142.521931,140.660068,141.7393174,,
12/08/2009,_DJCD,142.9549888,143.0464412,141.9766608,142.208482,,
12/09/2009,_DJCD,141.6407152,142.1447184,138.5038752,138.7463872,,
12/10/2009,_DJCD,138.298325,139.7532675,138.037801,139.098806,,
12/11/2009,_DJCD,141.7432,141.83012,140.18394,141.14324,,
12/14/2009,_DJCD,141.4543664,142.625178,141.3940262,142.3255942,,
12/15/2009,_DJCD,142.3355724,143.4169352,142.184882,142.9606192,,
12/16/2009,_DJCD,144.004225,145.418538,143.763378,145.065225,,
12/17/2009,_DJCD,145.2354548,145.5791174,143.8361806,144.6016596,,
12/18/2009,_DJCD,145.0898134,145.3584706,143.475738,144.445889,,
12/21/2009,_DJCD,145.0253526,145.069965,143.1006462,143.333268,,
12/22/2009,_DJCD,141.887322,143.640428,141.081126,142.675532,,
12/23/2009,_DJCD,141.9187628,144.044918,141.675534,143.9474168,,
12/24/2009,_DJCD,144.5237457,145.351959,144.1437543,144.8879916,,
12/28/2009,_DJCD,145.426533,147.262213,145.291986,146.067978,,
12/29/2009,_DJCD,146.2973248,146.5727296,145.3970432,145.6703616,,
12/30/2009,_DJCD,147.3948465,147.699597,146.84967,147.073224,,
12/31/2009,_DJCD,147.4770852,147.7126884,146.35797,146.3968866,,
01/04/2010,_DJCD,147.8194402,148.623401,147.5028546,148.1922614,,
01/05/2010,_DJCD,148.1113818,148.4897234,143.598307,147.7112128,,
01/06/2010,_DJCD,147.4094504,149.700634,147.4084188,149.6119164,,
01/07/2010,_DJCD,148.7166165,149.4821465,147.693496,147.774187,,
01/08/2010,_DJCD,146.17348,147.0737,146.03958,146.68333,,
01/11/2010,_DJCD,148.7135693,148.7135693,146.3741781,146.7378997,,
01/12/2010,_DJCD,146.011257,146.5288284,143.8100196,144.6404203,,
01/13/2010,_DJCD,142.7983315,144.5020786,141.607873,144.2928465,,
01/14/2010,_DJCD,143.396364,143.9662864,142.1511296,142.6924024,,
01/15/2010,_DJCD,142.8679134,143.2999674,141.9328251,142.0490682,,
01/19/2010,_DJCD,141.532992,143.2199205,141.1547985,142.707762,,
01/20/2010,_DJCD,143.79362,143.859518,141.72254,142.593858,,
01/21/2010,_DJCD,143.7232008,144.2218014,142.0454203,142.6597299,,
01/22/2010,_DJCD,142.988805,143.6328225,141.8794875,142.65252,,
01/25/2010,_DJCD,142.9503681,143.446617,142.536651,142.9588329,,
01/26/2010,_DJCD,142.1601729,142.6424571,141.1956045,141.9296538,,
01/27/2010,_DJCD,141.5965788,141.6061539,138.7144737,139.2953631,,
01/28/2010,_DJCD,139.8917385,140.0794425,137.7864675,138.700458,,
01/29/2010,_DJCD,139.5389464,140.4448976,137.7869416,138.0329496,,
02/01/2010,_DJCD,137.694828,139.0239512,137.3625472,138.708656,,
02/02/2010,_DJCD,139.5031572,140.944017,138.6462582,140.7028158,,
02/03/2010,_DJCD,141.6820158,141.6894505,139.1085475,139.3241538,,
02/04/2010,_DJCD,140.5262236,140.5573232,136.5819364,137.6328884,,
02/05/2010,_DJCD,136.5339985,137.629211,134.1640655,135.227223,,
02/08/2010,_DJCD,137.6996921,138.8287571,136.8717111,137.6179693,,
02/09/2010,_DJCD,138.0393702,138.8441898,136.7467488,138.0447072,,
02/10/2010,_DJCD,137.6772376,138.4849656,136.1999456,138.0492176,,
02/11/2010,_DJCD,137.5172364,138.4617258,136.2334032,138.3472104,,
02/12/2010,_DJCD,136.853863,137.978433,136.069817,137.678898,,
02/16/2010,_DJCD,138.707928,140.8095,138.609792,140.241564,,
02/17/2010,_DJCD,140.5649322,140.722848,139.4825292,140.0619024,,
02/18/2010,_DJCD,138.7615554,140.3162163,138.4762392,139.74246,,
02/19/2010,_DJCD,138.6835036,140.2638476,138.3414423,140.1910686,,
02/22/2010,_DJCD,140.5975956,140.7446304,139.2221424,140.1220788,,
02/23/2010,_DJCD,140.911361,141.0876295,139.564543,139.596208,,
02/24/2010,_DJCD,139.1855231,140.6151539,139.1602199,140.5898507,,
02/25/2010,_DJCD,140.1112968,140.2438093,138.5243271,139.5473236,,
02/26/2010,_DJCD,138.9738112,141.0372992,138.8358944,140.8983296,,
03/01/2010,_DJCD,139.3938818,140.4169294,138.2114388,138.5218952,,
03/02/2010,_DJCD,138.180644,139.732572,137.904032,139.22286,,
03/03/2010,_DJCD,138.9427872,140.3883894,138.9293829,140.0790594,,
03/04/2010,_DJCD,139.7975691,139.827471,137.703405,138.1106895,,
03/05/2010,_DJCD,138.552447,139.6286925,138.4195899,138.7059021,,
03/08/2010,_DJCD,138.5504032,138.9953973,137.4815952,138.2492871,,
03/09/2010,_DJCD,136.8160696,137.8288303,136.5164484,137.4265991,,
03/10/2010,_DJCD,137.491936,138.4365136,135.9699456,137.030416,,
03/11/2010,_DJCD,136.5575904,136.5729519,135.6481896,135.8837326,,
03/12/2010,_DJCD,136.0052832,136.1641536,134.4471312,134.8809696,,
03/15/2010,_DJCD,134.3186511,134.5152602,133.3610731,133.8143946,,
03/16/2010,_DJCD,133.70092,134.9748895,133.6735555,134.6951635,,
03/17/2010,_DJCD,134.7110436,135.5234496,134.2962624,135.4376676,,
03/18/2010,_DJCD,135.4785234,135.880305,134.8728072,135.5079468,,
03/19/2010,_DJCD,135.6975316,135.7168584,133.8970876,134.6589704,,
03/22/2010,_DJCD,133.3511382,134.9154968,132.6519096,134.4238994,,
03/23/2010,_DJCD,133.7534334,134.6128002,133.6721694,133.8763452,,
03/24/2010,_DJCD,133.2818298,134.232091,133.2397556,134.0135104,,
03/25/2010,_DJCD,134.1859365,134.6244225,132.824376,132.9831735,,
03/26/2010,_DJCD,134.128254,134.235062,133.076606,133.204981,,
03/29/2010,_DJCD,133.5196192,135.4683264,133.4318304,134.8201184,,
03/30/2010,_DJCD,135.2213912,135.3131552,134.4984948,135.2744104,,
03/31/2010,_DJCD,133.869348,134.4439512,133.7160528,134.1607104,,
04/01/2010,_DJCD,134.3400564,135.155852,133.8731672,134.9803904,,
04/05/2010,_DJCD,134.5026264,135.7242124,134.304369,135.6130681,,
04/06/2010,_DJCD,135.5314788,136.1974098,134.9676906,135.2871372,,
04/07/2010,_DJCD,135.4868872,136.5322952,134.9651884,135.787442,,
04/08/2010,_DJCD,134.1630596,134.747109,133.8334674,134.1881046,,
04/09/2010,_DJCD,135.2933083,135.6733316,134.7799259,135.0957764,,
04/12/2010,_DJCD,135.5770724,136.2388544,134.8069988,135.0165631,,
04/13/2010,_DJCD,134.3754613,135.6751487,133.7446423,135.5009225,,
04/14/2010,_DJCD,135.7988456,136.86057,135.642034,136.401122,,
04/15/2010,_DJCD,136.4291312,137.6152624,136.3389692,137.001159,,
04/16/2010,_DJCD,138.2968772,138.4973324,136.1789364,136.8066244,,
04/19/2010,_DJCD,135.4266195,136.1874945,134.8057455,135.17198,,
04/20/2010,_DJCD,134.1286704,134.5468743,133.8402195,134.234469,,
04/21/2010,_DJCD,134.2198565,135.678127,133.994969,134.926503,,
04/22/2010,_DJCD,134.486892,135.4360818,133.5657078,135.4060758,,
04/23/2010,_DJCD,135.1314005,136.297817,134.642645,135.9849735,,
04/26/2010,_DJCD,136.8073695,136.992462,135.513723,135.829881,,
04/27/2010,_DJCD,137.0595624,137.9892832,135.5307108,135.6568436,,
04/28/2010,_DJCD,134.536065,135.539508,134.5067895,135.1690215,,
04/29/2010,_DJCD,135.3022276,135.506405,133.8880728,134.2783232,,
04/30/2010,_DJCD,136.5676368,137.1231372,136.0324844,137.0478496,,
05/03/2010,_DJCD,136.345099,136.8069432,135.819587,136.4855724,,
05/04/2010,_DJCD,137.0759232,137.3299496,135.0498578,135.2936412,,
05/05/2010,_DJCD,134.5726551,134.8757397,132.77992,134.2035929,,
05/06/2010,_DJCD,136.3131855,136.8089271,134.4299976,134.7650433,,
05/07/2010,_DJCD,133.8371925,134.49501,132.345375,134.1290925,,
05/10/2010,_DJCD,133.9063973,134.210258,132.2673911,133.2434285,,
05/11/2010,_DJCD,131.5246566,133.5970772,131.5236352,133.0925056,,
05/12/2010,_DJCD,133.877016,134.702568,133.2237088,133.8117872,,
05/13/2010,_DJCD,133.8640875,134.6580365,133.342612,133.6538645,,
05/14/2010,_DJCD,134.1210123,134.6602994,132.1139534,132.3302893,,
05/17/2010,_DJCD,131.237021,131.49374,128.50384,128.981193,,
05/18/2010,_DJCD,131.67544,132.29736,130.29744,130.8008,,
05/19/2010,_DJCD,129.53936,130.6002944,128.4617344,129.4256512,,
05/20/2010,_DJCD,131.4162792,132.1194006,130.045353,131.6410212,,
05/21/2010,_DJCD,130.3423779,131.9553872,129.8011778,130.6346895,,
05/24/2010,_DJCD,131.2878132,132.4611846,131.187816,132.0218352,,
05/25/2010,_DJCD,129.7807863,130.8040503,129.3832056,130.4608305,,
05/26/2010,_DJCD,133.1984352,133.9455744,132.4919712,133.0913952,,
05/27/2010,_DJCD,131.435968,132.784744,131.121568,132.732344,,
05/28/2010,_DJCD,133.7356944,133.9907382,131.6626731,132.1200657,,
06/01/2010,_DJCD,130.6578042,132.7633846,130.6462003,130.7675138,,
06/02/2010,_DJCD,128.4643386,129.4884968,127.6925845,128.7499811,,
06/03/2010,_DJCD,128.9083208,129.7867828,128.1452544,129.5799024,,
06/04/2010,_DJCD,131.6802304,131.9883264,129.5469312,129.6382976,,
06/07/2010,_DJCD,128.7827691,130.1850145,128.5494151,129.7246707,,
06/08/2010,_DJCD,128.3085948,129.0313008,127.7943214,128.646905,,
06/09/2010,_DJCD,128.8958604,129.9338946,128.8050063,129.1151634,,
06/10/2010,_DJCD,127.501696,128.9926848,127.4439936,127.9561024,,
06/11/2010,_DJCD,128.966577,129.4033668,128.3810928,129.1390212,,
06/14/2010,_DJCD,130.926114,131.85051,130.69243,131.484474,,
06/15/2010,_DJCD,130.786117,132.096706,130.312336,132.072094,,
06/16/2010,_DJCD,131.6218149,132.3342594,131.1441183,132.0093027,,
06/17/2010,_DJCD,132.4094184,133.0250706,131.7721824,132.3991404,,
06/18/2010,_DJCD,131.044149,132.081993,130.6876455,131.213718,,
06/21/2010,_DJCD,133.6450005,133.994355,130.7845965,131.5406775,,
06/22/2010,_DJCD,130.980381,132.278979,130.897032,131.522664,,
06/23/2010,_DJCD,132.9662844,133.0359242,131.2180136,131.5651732,,
06/24/2010,_DJCD,132.2923648,132.9120256,132.0774656,132.5980224,,
06/25/2010,_DJCD,131.90199,133.484234,131.8595345,133.3216605,,
06/28/2010,_DJCD,133.178325,133.1824666,131.7794996,132.122217,,
06/29/2010,_DJCD,132.6907523,132.7898941,130.8270974,131.0232716,,
06/30/2010,_DJCD,132.7280882,133.9412762,131.9097184,133.8199574,,
07/01/2010,_DJCD,132.1160052,132.3669408,130.6643904,132.037654,,
07/02/2010,_DJCD,132.915321,133.1660946,131.5690068,131.7485862,,
07/06/2010,_DJCD,131.9068656,132.9011808,130.5481086,130.5849741,,
07/07/2010,_DJCD,130.0484775,132.2572332,130.0139166,131.813178,,
07/08/2010,_DJCD,131.597396,132.389033,130.806802,131.785136,,
07/09/2010,_DJCD,130.666236,131.55255,130.319148,131.134185,,
07/12/2010,_DJCD,131.0919552,131.3252352,130.1298048,130.3941888,,
07/13/2010,_DJCD,130.0648118,131.4303568,129.9246502,131.0139944,,
07/14/2010,_DJCD,130.9389248,132.194382,130.5634224,131.2907004,,
07/15/2010,_DJCD,132.933546,133.913418,131.70144,133.81896,,
07/16/2010,_DJCD,136.5372176,136.5425056,134.2284768,134.9063984,,
07/19/2010,_DJCD,134.5468185,135.005526,133.341525,133.965789,,
07/20/2010,_DJCD,132.060929,133.270345,131.6501446,132.952352,,
07/21/2010,_DJCD,134.6986891,135.2839753,134.0231975,134.1994127,,
07/22/2010,_DJCD,133.572859,135.391757,133.53449,135.114878,,
07/23/2010,_DJCD,134.85612,135.171064,134.40028,134.5764,,
07/26/2010,_DJCD,133.6175304,134.193219,133.3554786,133.883709,,
07/27/2010,_DJCD,135.0093318,135.1853328,132.9356259,133.3373223,,
07/28/2010,_DJCD,134.6576546,135.4290372,134.0067032,134.893326,,
07/29/2010,_DJCD,135.2617872,136.7944752,135.1582272,136.5107208,,
07/30/2010,_DJCD,136.1563632,138.2660136,135.4706496,138.2217408,,
08/02/2010,_DJCD,138.750513,139.831824,138.174564,138.714708,,
08/03/2010,_DJCD,138.436782,139.0601544,138.1921416,138.5166228,,
08/04/2010,_DJCD,138.6410337,139.5866628,138.352968,139.4594253,,
08/05/2010,_DJCD,140.4550716,140.7682152,138.6656796,139.1374284,,
08/06/2010,_DJCD,140.670915,141.2555625,138.6580425,139.0361625,,
08/09/2010,_DJCD,139.634001,139.782916,138.431384,138.630622,,
08/10/2010,_DJCD,137.549079,138.5682435,137.019402,137.7129285,,
08/11/2010,_DJCD,139.2780888,139.4570745,138.0115818,138.4815501,,
08/12/2010,_DJCD,137.8937983,139.2933386,137.7885462,138.3752485,,
08/13/2010,_DJCD,138.7478491,138.9510976,138.0766079,138.375748,,
08/16/2010,_DJCD,138.756282,139.232118,137.7054775,137.7826965,,
08/17/2010,_DJCD,137.3568057,137.966895,136.9273689,137.2948677,,
08/18/2010,_DJCD,136.2434604,136.9294032,135.3024744,136.6959564,,
08/19/2010,_DJCD,138.8777676,139.0326978,137.0841126,137.3794158,,
08/20/2010,_DJCD,137.4178824,137.900826,137.1329352,137.6410212,,
08/23/2010,_DJCD,138.680952,138.782996,137.50692,137.800428,,
08/24/2010,_DJCD,137.2717632,137.6271312,136.641648,137.203872,,
08/25/2010,_DJCD,136.8193912,136.8501138,135.9072478,136.4252944,,
08/26/2010,_DJCD,137.2949308,138.0816364,137.134206,137.6248396,,
08/27/2010,_DJCD,137.0676444,138.6558565,136.5946494,138.3089935,,
08/30/2010,_DJCD,139.7534436,140.5538946,139.6993734,140.1181524,,
08/31/2010,_DJCD,139.848968,140.901264,139.141408,139.186096,,
09/01/2010,_DJCD,138.3999178,139.584205,138.1552911,139.069754,,
09/02/2010,_DJCD,139.549878,140.685012,139.485645,140.634468,,
09/03/2010,_DJCD,138.9230089,140.2618932,138.4566326,140.2130743,,
09/07/2010,_DJCD,140.2656066,142.0973358,140.0476434,141.8950911,,
09/08/2010,_DJCD,140.3949615,141.0396645,140.0819385,140.369049,,
09/09/2010,_DJCD,139.329432,140.11734,139.192944,139.645836,,
09/10/2010,_DJCD,140.579868,141.334804,140.050998,140.635866,,
09/13/2010,_DJCD,140.2308534,141.3897606,140.0890722,140.59969,,
09/14/2010,_DJCD,140.5918368,141.9292512,140.423376,141.7114848,,
09/15/2010,_DJCD,141.3275434,141.3644722,140.68847,141.1613638,,
09/16/2010,_DJCD,141.385878,141.628014,140.170068,141.022674,,
09/17/2010,_DJCD,143.6849694,143.6922032,142.1917064,143.038061,,
09/20/2010,_DJCD,143.2337534,143.3519619,141.9663527,142.0578358,,
09/21/2010,_DJCD,141.7459274,142.1625646,140.7207536,140.8500548,,
09/22/2010,_DJCD,142.51492,143.26991,141.65487,142.17193,,
09/23/2010,_DJCD,142.3222581,143.4605139,142.0320132,143.1113937,,
09/24/2010,_DJCD,142.5266478,143.9164872,142.3965744,143.6194692,,
09/27/2010,_DJCD,144.6101611,144.7110129,143.1869158,143.8825874,,
09/28/2010,_DJCD,143.26167,144.75826,143.16279,143.8704,,
09/29/2010,_DJCD,143.305487,144.7835974,142.737777,144.7072146,,
09/30/2010,_DJCD,144.6485931,144.7370613,142.3556208,144.3204378,,
10/01/2010,_DJCD,143.29674,143.667,141.65148,141.9177,,
10/04/2010,_DJCD,141.40929,142.091631,141.176046,141.658902,,
10/05/2010,_DJCD,141.6220981,143.3640236,141.3265294,143.1923703,,
10/06/2010,_DJCD,142.8239104,143.5641088,142.5630208,143.0170496,,
10/07/2010,_DJCD,144.7699456,145.0618533,142.1407421,142.2851703,,
10/08/2010,_DJCD,141.2170254,145.9915722,141.2028756,145.9390158,,
10/11/2010,_DJCD,147.3578576,148.4334994,146.0652626,147.1084628,,
10/12/2010,_DJCD,146.4034709,147.9048948,146.0016103,147.4505298,,
10/13/2010,_DJCD,147.836255,148.1262087,147.013549,147.3185522,,
10/14/2010,_DJCD,148.125445,148.5280089,147.3072665,147.4959997,,
10/15/2010,_DJCD,148.6183248,149.2474302,146.9117628,147.1016052,,
10/18/2010,_DJCD,147.4777248,148.9923356,147.371936,148.7258292,,
10/19/2010,_DJCD,149.6400984,149.653517,147.9514192,148.0856052,,
10/20/2010,_DJCD,147.6922356,149.5407886,146.9701765,149.4182326,,
10/21/2010,_DJCD,150.8623248,150.9351992,147.9370848,148.2819552,,
10/22/2010,_DJCD,148.7789546,149.084643,148.1173136,148.571743,,
10/25/2010,_DJCD,149.681929,150.020237,148.333792,149.040978,,
10/26/2010,_DJCD,149.338885,150.7093515,149.0676575,150.532286,,
10/27/2010,_DJCD,149.8127764,150.1261944,148.8694396,150.0480968,,
10/28/2010,_DJCD,149.92614,150.2792676,149.303574,149.8873572,,
10/29/2010,_DJCD,149.1152686,150.1604548,148.9247717,150.0229303,,
11/01/2010,_DJCD,150.9391142,151.4936864,149.3150099,149.5902646,,
11/02/2010,_DJCD,149.707618,150.0766192,149.2650182,149.6188964,,
11/03/2010,_DJCD,150.0780672,150.1443774,147.5231151,148.8613755,,
11/04/2010,_DJCD,150.715851,152.5911543,150.6797682,152.5079634,,
11/05/2010,_DJCD,152.6317758,153.2849717,152.1786399,153.2589639,,
11/08/2010,_DJCD,153.5272238,154.6409978,153.3837376,154.3209132,,
11/09/2010,_DJCD,156.9615705,158.9586498,156.3361614,156.9807054,,
11/10/2010,_DJCD,154.816,155.43,153.528,154.185,,
11/11/2010,_DJCD,155.3026332,155.5463136,153.8816656,154.1664608,,
11/12/2010,_DJCD,152.529521,152.751501,148.833554,149.126164,,
11/15/2010,_DJCD,149.4554556,150.7553052,149.099208,150.234558,,
11/16/2010,_DJCD,149.9822313,150.0731092,145.8978313,146.1663806,,
11/17/2010,_DJCD,146.3606276,148.2377688,146.1596884,146.726624,,
11/18/2010,_DJCD,148.7107656,149.6953551,148.127154,149.5321071,,
11/19/2010,_DJCD,148.310112,148.681536,147.241632,147.6547776,,
11/22/2010,_DJCD,148.0312893,148.0312893,146.2961061,147.6514634,,
11/23/2010,_DJCD,146.700246,148.777959,146.406645,148.471059,,
11/24/2010,_DJCD,147.4348518,148.7962647,147.1104171,148.6668951,,
11/26/2010,_DJCD,148.9787858,149.6551784,148.5196958,149.2981084,,
11/29/2010,_DJCD,149.5952262,149.9789368,148.8216982,149.3275448,,
11/30/2010,_DJCD,150.4730271,151.3371717,150.0686649,150.588999,,
12/01/2010,_DJCD,151.468317,153.3978238,151.1674034,153.2250018,,
12/02/2010,_DJCD,151.794352,152.6743338,151.217397,152.3391982,,
12/03/2010,_DJCD,153.0720828,154.3998456,152.5803188,154.3627124,,
12/06/2010,_DJCD,154.7164138,155.4590349,154.3466106,154.9666339,,
12/07/2010,_DJCD,158.0002241,158.5627293,155.0096389,155.3677807,,
12/08/2010,_DJCD,154.0926511,156.0723849,153.8196541,155.9197088,,
12/09/2010,_DJCD,155.6927736,156.1584297,155.1261075,155.413986,,
12/10/2010,_DJCD,156.0023824,156.2497344,154.2093328,154.892832,,
12/13/2010,_DJCD,156.524256,157.264128,156.417408,157.239936,,
12/14/2010,_DJCD,157.3994895,157.4397495,156.281268,156.4755225,,
12/15/2010,_DJCD,155.231452,156.381032,154.748528,155.230448,,
12/16/2010,_DJCD,155.1982704,155.34006,154.0106568,154.3706616,,
12/17/2010,_DJCD,155.4076556,157.4036596,155.3195072,157.2344552,,
12/20/2010,_DJCD,158.919471,159.635439,157.982814,159.635439,,
12/21/2010,_DJCD,160.0370932,160.9596936,159.90384,160.5670544,,
12/22/2010,_DJCD,160.0249806,160.8458346,159.7462956,160.806312,,
12/23/2010,_DJCD,159.3839652,160.4547264,159.1124904,160.351788,,
12/27/2010,_DJCD,159.5028162,160.2396474,159.0840706,160.109796,,
12/28/2010,_DJCD,159.8667507,160.9507254,159.8086985,160.7285256,,
12/29/2010,_DJCD,160.578159,161.1053171,160.4451191,160.7021962,,
12/30/2010,_DJCD,160.8546324,160.8746244,158.8534332,159.626124,,
12/31/2010,_DJCD,160.2633798,162.0315256,160.0650365,161.8571031,,
01/03/2011,_DJCD,162.368336,162.571942,161.2778024,161.3393808,,
01/04/2011,_DJCD,162.4720839,162.5819629,159.0029042,159.8359868,,
01/05/2011,_DJCD,157.7343232,160.4210746,157.6317146,160.1182298,,
01/06/2011,_DJCD,160.2673666,160.588304,158.2988841,158.3846003,,
01/07/2011,_DJCD,156.4004568,157.9784472,155.9692848,156.4698408,,
01/10/2011,_DJCD,156.8762992,158.0100768,156.5586032,157.5643096,,
01/11/2011,_DJCD,158.3790505,159.1244452,157.8544035,158.7532327,,
01/12/2011,_DJCD,158.8856722,161.1621153,158.6983512,160.3152272,,
01/13/2011,_DJCD,160.7452608,160.9489536,159.9255456,160.0649664,,
01/14/2011,_DJCD,159.0628698,160.0730472,158.7452724,159.9572874,,
01/18/2011,_DJCD,161.1113413,161.4585063,160.2840967,160.7631844,,
01/19/2011,_DJCD,162.662709,162.790133,160.840944,161.1007695,,
01/20/2011,_DJCD,159.9901776,160.6210254,158.3218692,160.4207088,,
01/21/2011,_DJCD,160.458948,161.3493928,160.155839,160.9081456,,
01/24/2011,_DJCD,161.4785225,161.6275475,159.562061,159.8293125,,
01/25/2011,_DJCD,158.0948024,158.4256072,157.326578,157.5487752,,
01/26/2011,_DJCD,158.152265,159.885555,157.690585,159.68158,,
01/27/2011,_DJCD,159.6547284,159.9109482,158.1293268,158.359726,,
01/28/2011,_DJCD,159.5609545,161.8951879,159.5429527,161.306129,,
01/31/2011,_DJCD,162.324162,164.255091,161.97181,164.164,,
02/01/2011,_DJCD,162.1348869,163.3262178,162.0566532,162.9865449,,
02/02/2011,_DJCD,162.9316832,163.7199476,162.3933322,163.3208764,,
02/03/2011,_DJCD,163.9902804,164.284548,162.3237548,162.743854,,
02/04/2011,_DJCD,162.4410928,163.1729785,161.2993116,161.9600829,,
02/07/2011,_DJCD,163.0743948,163.1308761,161.2174482,161.2808658,,
02/08/2011,_DJCD,160.990929,162.6658354,160.9730262,162.0064156,,
02/09/2011,_DJCD,161.8755234,163.7282144,161.7920778,162.723887,,
02/10/2011,_DJCD,162.6452002,163.6960857,162.5455902,162.6262743,,
02/11/2011,_DJCD,161.055236,161.1924429,159.8894709,160.3622918,,
02/14/2011,_DJCD,161.0175672,162.2381166,160.9028316,161.1985725,,
02/15/2011,_DJCD,161.278605,161.7327855,159.321374,159.946738,,
02/16/2011,_DJCD,159.3780624,159.7266816,158.8492248,159.2608712,,
02/17/2011,_DJCD,159.841451,160.78854,159.2477975,160.518787,,
02/18/2011,_DJCD,160.237818,161.86669,160.053436,160.69828,,
02/22/2011,_DJCD,162.4992472,163.0999344,159.0376264,160.186552,,
02/23/2011,_DJCD,159.4369854,161.9127027,159.3578574,161.688177,,
02/24/2011,_DJCD,161.0999072,161.2325717,159.3654417,159.5442931,,
02/25/2011,_DJCD,159.075072,161.9110896,158.3985728,161.636384,,
02/28/2011,_DJCD,161.0270965,161.803325,160.738561,161.408896,,
03/01/2011,_DJCD,162.587872,163.257984,161.611924,162.642416,,
03/02/2011,_DJCD,162.328234,163.4919574,162.3272618,163.2109916,,
03/03/2011,_DJCD,162.8846086,163.9449515,162.6659311,163.5270345,,
03/04/2011,_DJCD,164.3028096,164.8382163,163.7382519,164.4884043,,
03/07/2011,_DJCD,165.8053467,165.8140974,163.4504361,163.7878242,,
03/08/2011,_DJCD,162.9229481,163.5018429,162.1896166,162.6043617,,
03/09/2011,_DJCD,162.6589352,163.1432352,160.821501,161.4811176,,
03/10/2011,_DJCD,160.9558566,161.1372252,159.1626477,160.3015645,,
03/11/2011,_DJCD,157.087664,159.215249,156.821473,158.6935535,,
03/14/2011,_DJCD,158.1360064,159.2400688,158.0620128,158.8301832,,
03/15/2011,_DJCD,156.632806,156.8513428,155.1010796,155.11683,,
03/16/2011,_DJCD,158.5420785,159.1332876,156.0346389,156.2525049,,
03/17/2011,_DJCD,157.708343,160.6468058,157.6718832,160.5039228,,
03/18/2011,_DJCD,162.7372719,163.1546151,161.3051154,162.2205144,,
03/21/2011,_DJCD,162.945558,162.962184,161.310342,161.885406,,
03/22/2011,_DJCD,161.9462435,163.5601465,161.4246175,163.551322,,
03/23/2011,_DJCD,164.5659726,164.8309236,164.0017251,164.4491979,,
03/24/2011,_DJCD,164.0855532,164.6615112,163.557429,164.338389,,
03/25/2011,_DJCD,165.7474044,165.9297588,164.496414,165.4287744,,
03/28/2011,_DJCD,163.929528,164.081025,162.7586028,162.8573202,,
03/29/2011,_DJCD,161.784268,163.1126676,161.531054,162.203045,,
03/30/2011,_DJCD,161.847251,162.134667,160.772354,161.746267,,
03/31/2011,_DJCD,162.14908,164.68369,161.97351,164.47126,,
04/01/2011,_DJCD,163.5968808,164.0997756,162.7548692,163.7934144,,
04/04/2011,_DJCD,165.095602,165.49199,164.631538,165.1787468,,
04/05/2011,_DJCD,163.944644,165.1213217,163.9041686,165.0316976,,
04/06/2011,_DJCD,164.9864643,165.5711652,164.2932721,164.5976238,,
04/07/2011,_DJCD,164.7786704,165.53964,163.4972896,164.2716768,,
04/08/2011,_DJCD,165.4688292,166.7942464,164.6603916,166.1606836,,
04/11/2011,_DJCD,165.4299658,166.469985,165.0084139,165.2387858,,
04/12/2011,_DJCD,165.4720375,165.832975,161.929075,162.895425,,
04/13/2011,_DJCD,163.4652714,164.3447222,162.2336554,162.9957178,,
04/14/2011,_DJCD,161.750121,163.538572,161.4168275,163.1860685,,
04/15/2011,_DJCD,163.020969,164.2500885,162.464459,163.754027,,
04/18/2011,_DJCD,163.9786014,164.420205,162.771423,163.7423724,,
04/19/2011,_DJCD,162.5425889,163.6932517,161.9395422,163.2373828,,
04/20/2011,_DJCD,164.58438,165.6368925,163.7395125,164.50818,,
04/21/2011,_DJCD,165.6128376,166.0577952,164.7314976,165.9958632,,
04/25/2011,_DJCD,167.4262092,167.6476068,165.4059561,166.5453903,,
04/26/2011,_DJCD,165.2251205,165.661859,164.8959015,165.2765015,,
04/27/2011,_DJCD,164.426,165.1423,163.5976,164.44025,,
04/28/2011,_DJCD,165.0519777,166.0140861,163.8807153,164.4891633,,
04/29/2011,_DJCD,163.9497288,165.7639212,163.5596916,165.6675924,,
05/02/2011,_DJCD,165.211274,166.9140324,164.888206,165.5181886,,
05/03/2011,_DJCD,164.5700925,165.462585,163.489005,164.0119275,,
05/04/2011,_DJCD,163.7245967,164.2056633,161.7121667,161.8645364,,
05/05/2011,_DJCD,160.9225387,160.9438149,155.6199294,155.722442,,
05/06/2011,_DJCD,154.0469472,157.8293844,153.9195144,153.9851616,,
05/09/2011,_DJCD,155.8412666,156.7117861,154.8697476,156.3751211,,
05/10/2011,_DJCD,156.7822048,157.7944992,155.8560224,157.4911936,,
05/11/2011,_DJCD,157.334022,158.4884232,153.2652624,153.4623084,,
05/12/2011,_DJCD,151.1885616,154.7766054,150.7892486,153.8307628,,
05/13/2011,_DJCD,155.9306258,156.1909909,153.1614639,154.7081681,,
05/16/2011,_DJCD,155.5999864,156.93406,155.0411968,155.2742696,,
05/17/2011,_DJCD,155.1106212,155.1368706,152.591651,154.4942464,,
05/18/2011,_DJCD,155.9704512,158.56336,155.5978176,158.058752,,
05/19/2011,_DJCD,157.4088984,157.672944,155.5393008,155.5799232,,
05/20/2011,_DJCD,156.6703191,158.4301564,155.5035869,158.1146128,,
05/23/2011,_DJCD,157.1411304,157.6335888,156.3408855,157.0746876,,
05/24/2011,_DJCD,158.0664668,158.9364392,156.8264388,157.6817652,,
05/25/2011,_DJCD,159.0583687,160.5310861,158.5987557,160.1937106,,
05/26/2011,_DJCD,160.3360206,160.6353192,159.2258771,159.9076128,,
05/27/2011,_DJCD,160.2850689,161.3895613,160.2733605,161.3280922,,
05/31/2011,_DJCD,161.1694766,161.950814,160.711518,161.2459644,,
06/01/2011,_DJCD,162.5503998,162.5846053,160.7033028,161.2398405,,
06/02/2011,_DJCD,161.0912116,162.1056276,160.2494414,161.6003704,,
06/03/2011,_DJCD,161.7182567,162.7763445,160.9672295,162.2189415,,
06/06/2011,_DJCD,162.0867232,163.112117,161.3397346,161.4495282,,
06/07/2011,_DJCD,159.4356236,161.040131,159.1901252,160.996292,,
06/08/2011,_DJCD,160.929891,163.5324225,160.5469065,162.8232645,,
06/09/2011,_DJCD,162.0885155,164.3601977,161.8821759,162.2919352,,
06/10/2011,_DJCD,162.8496836,162.8947452,161.34012,162.22176,,
06/13/2011,_DJCD,161.1209226,161.2468395,159.0154749,159.7719524,,
06/14/2011,_DJCD,158.2653656,159.1855356,158.119107,159.0964244,,
06/15/2011,_DJCD,160.2136263,160.8293544,157.3297869,157.9171269,,
06/16/2011,_DJCD,157.6368262,158.0089284,156.8798584,156.9819656,,
06/17/2011,_DJCD,156.8143297,157.0356515,155.130913,155.7087,,
06/20/2011,_DJCD,154.7480067,156.0357862,154.700021,155.6274181,,
06/21/2011,_DJCD,155.7596232,156.0423879,154.8481686,155.5779153,,
06/22/2011,_DJCD,155.4301702,156.1981039,154.764433,155.3133742,,
06/23/2011,_DJCD,154.4552465,154.471881,150.9052485,152.6137095,,
06/24/2011,_DJCD,154.5948275,154.9091069,153.3406748,153.6895447,,
06/27/2011,_DJCD,152.5759882,152.8471932,151.7239114,152.5276644,,
06/28/2011,_DJCD,152.9245705,154.33106,152.9226075,154.3045595,,
06/29/2011,_DJCD,154.0197568,154.7713518,153.4049036,154.2234148,,
06/30/2011,_DJCD,153.2147916,154.0817616,151.0512198,152.3314455,,
07/01/2011,_DJCD,149.729202,150.9666255,149.3410095,150.3474345,,
07/05/2011,_DJCD,152.5028664,153.8136552,152.3411832,153.4383192,,
07/06/2011,_DJCD,152.9133816,153.931124,152.8564112,153.2667912,,
07/07/2011,_DJCD,152.4720402,154.7113298,152.4672472,154.4227912,,
07/08/2011,_DJCD,154.8055894,155.2353352,153.588457,154.6229234,,
07/11/2011,_DJCD,154.3978858,155.3554356,153.9834962,154.9129682,,
07/12/2011,_DJCD,153.46395,156.32421,152.98724,156.30105,,
07/13/2011,_DJCD,156.1789464,158.4067328,155.8185128,157.8469104,,
07/14/2011,_DJCD,158.1320062,158.2068784,156.07974,156.8159833,,
07/15/2011,_DJCD,155.8600635,157.4466875,155.8581565,156.8936575,,
07/18/2011,_DJCD,157.2844284,157.3975668,156.2805648,157.2853872,,
07/19/2011,_DJCD,157.30385,158.21205,156.77185,156.77185,,
07/20/2011,_DJCD,156.6231184,156.7652584,155.5551732,155.9076804,,
07/21/2011,_DJCD,154.8645756,156.0893684,154.18424,154.3333288,,
07/22/2011,_DJCD,155.923248,156.75654,155.71848,156.682596,,
07/25/2011,_DJCD,156.0754503,156.479862,155.3603898,155.8888716,,
07/26/2011,_DJCD,156.0450192,156.6158972,155.0164952,156.47247,,
07/27/2011,_DJCD,157.0542207,157.3854566,156.3964944,156.6290239,,
07/28/2011,_DJCD,156.5649097,156.6825485,155.3894704,155.6370811,,
07/29/2011,_DJCD,155.8178793,155.8732751,155.117791,155.5046065,,
08/01/2011,_DJCD,156.7322138,157.3788754,154.844842,155.433151,,
08/02/2011,_DJCD,156.120216,157.224405,155.777139,157.074489,,
08/03/2011,_DJCD,156.8350368,157.0648592,155.1406976,155.5878416,,
08/04/2011,_DJCD,157.6942084,157.842279,154.1199214,154.2405352,,
08/05/2011,_DJCD,153.7196262,154.6813982,151.7028492,153.24561,,
08/08/2011,_DJCD,153.5002083,154.0402371,151.8642387,151.9416693,,
08/09/2011,_DJCD,150.67304,151.88628,149.55388,149.77634,,
08/10/2011,_DJCD,154.629622,154.8155,152.853344,153.849332,,
08/11/2011,_DJCD,152.217483,154.9730985,152.205669,154.852005,,
08/12/2011,_DJCD,155.4219465,155.8394052,154.8604004,154.9738939,,
08/15/2011,_DJCD,153.9079638,155.2130574,153.9079638,155.1944412,,
08/16/2011,_DJCD,154.613864,156.096382,154.4970298,155.4994476,,
08/17/2011,_DJCD,155.9270493,157.364856,155.9270493,156.5249103,,
08/18/2011,_DJCD,156.9318167,157.1000997,155.31531,155.5024011,,
08/19/2011,_DJCD,156.2131493,157.8939995,156.1804826,157.3970697,,
08/22/2011,_DJCD,158.3628867,158.3757528,157.4266305,158.2342257,,
08/23/2011,_DJCD,158.7513654,159.1525746,157.8936078,158.7928698,,
08/24/2011,_DJCD,158.3115804,158.9424651,156.200733,156.3626502,,
08/25/2011,_DJCD,156.3776302,157.6795506,155.7572918,157.3397474,,
08/26/2011,_DJCD,156.4704904,158.2321034,155.4429646,158.1447588,,
08/29/2011,_DJCD,157.921103,158.2843982,157.5539014,157.6349592,,
08/30/2011,_DJCD,157.8746326,159.8877682,157.837461,159.8711388,,
08/31/2011,_DJCD,159.4188735,161.0037252,156.4965282,160.7661441,,
09/01/2011,_DJCD,159.4971924,160.2193584,156.4357941,158.9848449,,
09/02/2011,_DJCD,160.664094,161.046468,156.0352005,160.1585325,,
09/06/2011,_DJCD,159.38901,160.01667,158.54949,159.88797,,
09/07/2011,_DJCD,159.1687608,160.2907488,158.84988,159.706134,,
09/08/2011,_DJCD,160.7819496,161.5530576,160.4655976,160.8916842,,
09/09/2011,_DJCD,160.8863173,161.1703768,159.5935974,160.0710167,,
09/12/2011,_DJCD,158.126914,159.3651796,157.6794318,158.4870826,,
09/13/2011,_DJCD,157.8302355,158.594463,157.3115469,157.9663173,,
09/14/2011,_DJCD,158.2526335,158.3556039,157.5387714,158.099168,,
09/15/2011,_DJCD,157.4199935,157.5635845,155.5139705,155.6673965,,
09/16/2011,_DJCD,155.2274736,155.2568046,153.7716783,153.968196,,
09/19/2011,_DJCD,154.8470873,154.850057,152.5812062,153.1484189,,
09/20/2011,_DJCD,154.83559,155.1311762,153.585796,153.9964426,,
09/21/2011,_DJCD,156.06981,156.466765,155.0955575,155.15097,,
09/22/2011,_DJCD,153.385824,153.514324,151.098524,151.330852,,
09/23/2011,_DJCD,148.2622402,149.7896996,146.9722257,147.0780994,,
09/26/2011,_DJCD,146.804571,147.624651,145.1592855,146.8589013,,
09/27/2011,_DJCD,150.045486,150.9639654,149.4093804,149.9302938,,
09/28/2011,_DJCD,151.1091384,151.3735608,147.8678982,147.9453657,,
09/29/2011,_DJCD,148.012299,149.985962,147.9015005,149.066438,,
09/30/2011,_DJCD,150.3908257,152.5945658,147.1109381,147.1980798,,
10/03/2011,_DJCD,147.7111965,149.0947005,146.537538,147.944241,,
10/04/2011,_DJCD,145.7405616,147.0655332,145.3027632,145.6026972,,
10/05/2011,_DJCD,145.4180517,146.2662222,144.4397937,146.1153207,,
10/06/2011,_DJCD,146.9290368,148.3295268,146.3595042,148.1313834,,
10/07/2011,_DJCD,147.6706762,149.1216786,146.6343944,147.3993928,,
10/10/2011,_DJCD,147.5367768,149.054535,147.5367768,148.2001542,,
10/11/2011,_DJCD,147.575351,150.3492155,147.009676,150.0632925,,
10/12/2011,_DJCD,149.4092596,149.71041,147.6155834,148.6085658,,
10/13/2011,_DJCD,147.8486121,148.8148362,146.9680932,148.5199695,,
10/14/2011,_DJCD,148.164779,149.6859448,148.164779,149.6021646,,
10/17/2011,_DJCD,151.5758248,151.8101376,150.1985976,150.5700192,,
10/18/2011,_DJCD,147.333033,149.4531591,146.95752,149.0735865,,
10/19/2011,_DJCD,149.6501552,150.5042448,147.6341776,147.7146944,,
10/20/2011,_DJCD,146.333464,146.558,144.140936,145.741136,,
10/21/2011,_DJCD,146.4515912,147.3839806,145.8836996,145.9471343,,
10/24/2011,_DJCD,147.24279,148.5757036,146.8864765,148.3528822,,
10/25/2011,_DJCD,151.3338288,151.8786192,150.2432316,151.1579916,,
10/26/2011,_DJCD,149.9174065,150.2396584,147.7389435,147.8082126,,
10/27/2011,_DJCD,148.123332,149.904251,148.0629115,149.422868,,
10/28/2011,_DJCD,148.8453768,150.054381,148.6787544,149.6368332,,
10/31/2011,_DJCD,149.551187,149.581172,148.103911,149.403261,,
11/01/2011,_DJCD,149.3354328,150.4745494,147.8026734,150.1471936,,
11/02/2011,_DJCD,150.5327191,151.2089904,149.2734553,149.6120979,,
11/03/2011,_DJCD,149.8945256,150.9329488,149.030348,150.5935224,,
11/04/2011,_DJCD,152.9300304,152.993196,151.4273004,152.2932804,,
11/07/2011,_DJCD,151.829453,152.186029,151.125418,151.622801,,
11/08/2011,_DJCD,151.465026,152.144083,151.036201,152.065381,,
11/09/2011,_DJCD,153.1797025,153.544735,151.761495,152.023255,,
11/10/2011,_DJCD,151.6587639,151.8723549,150.0080106,150.6864163,,
11/11/2011,_DJCD,149.9088444,150.9807642,149.800539,150.746946,,
11/14/2011,_DJCD,151.0418708,151.2573052,149.9728284,150.2827694,,
11/15/2011,_DJCD,150.9012213,152.2950228,150.8072801,152.0816129,,
11/16/2011,_DJCD,151.903776,153.160634,151.676559,152.691871,,
11/17/2011,_DJCD,151.929792,152.427828,149.179275,149.683485,,
11/18/2011,_DJCD,150.2524115,150.2801324,147.7575305,148.7667766,,
11/21/2011,_DJCD,149.0279094,149.3994776,147.392179,148.5058457,,
11/22/2011,_DJCD,149.7253782,150.0191039,148.5743471,149.8084102,,
11/23/2011,_DJCD,148.7029851,149.7659946,148.2379839,149.1648444,,
11/25/2011,_DJCD,148.4235597,149.922152,148.0890244,148.6385432,,
11/28/2011,_DJCD,149.5852235,149.5852235,147.627093,148.1003165,,
11/29/2011,_DJCD,147.4740511,149.1019251,147.2216276,148.7815018,,
11/30/2011,_DJCD,146.5680944,150.1352944,146.56096,148.966272,,
12/01/2011,_DJCD,148.3163337,149.1426622,147.1381819,147.9239544,,
12/02/2011,_DJCD,149.7987,150.097992,148.450868,148.921184,,
12/05/2011,_DJCD,148.918293,149.61087,147.69891,147.978585,,
12/06/2011,_DJCD,145.830351,147.26586,145.539615,147.2285085,,
12/07/2011,_DJCD,146.8456644,147.1504428,145.4469132,145.9394028,,
12/08/2011,_DJCD,148.0671786,148.8284941,145.9038163,146.6211901,,
12/09/2011,_DJCD,146.3246185,146.5089308,144.5924902,145.6006072,,
12/12/2011,_DJCD,144.8498987,145.2048601,143.656777,144.4138912,,
12/13/2011,_DJCD,146.241348,147.383697,145.889856,146.4305334,,
12/14/2011,_DJCD,145.1251856,145.422454,141.6920474,141.9103214,,
12/15/2011,_DJCD,142.088575,142.4454775,140.867865,140.965108,,
12/16/2011,_DJCD,142.5200362,142.6341942,141.6046966,142.1848268,,
12/19/2011,_DJCD,142.3477614,142.9227026,141.747913,142.4515414,,
12/20/2011,_DJCD,142.5188982,144.027111,142.3860024,143.785014,,
12/21/2011,_DJCD,142.7588968,144.3621336,142.3914456,144.0850056,,
12/22/2011,_DJCD,143.7429312,144.29008,143.1937408,144.0205888,,
12/23/2011,_DJCD,144.1114225,144.25925,143.916698,143.951361,,
12/27/2011,_DJCD,143.6316065,145.0516743,143.5827089,144.787831,,
12/28/2011,_DJCD,145.1250432,145.8030636,143.7638814,144.099819,,
12/29/2011,_DJCD,143.018993,143.3098355,142.1525885,142.847549,,
12/30/2011,_DJCD,143.150492,144.1473674,143.0342918,143.395124,,
01/03/2012,_DJCD,144.0239339,145.8546738,143.6418137,145.7303331,,
01/04/2012,_DJCD,145.5525432,146.5557325,145.335911,146.2712762,,
01/05/2012,_DJCD,146.3218515,146.592072,145.0676205,145.1389995,,
01/06/2012,_DJCD,146.7541022,147.214243,145.9016092,146.413105,,
01/09/2012,_DJCD,146.0023974,146.608191,145.5992172,146.4178572,,
01/10/2012,_DJCD,146.8604912,147.4543024,146.3266712,146.6367952,,
01/11/2012,_DJCD,146.148037,146.677917,145.298191,145.891249,,
01/12/2012,_DJCD,146.6340366,147.0107706,144.1679562,144.1842474,,
01/13/2012,_DJCD,144.5879782,144.5879782,143.1598251,143.6382615,,
01/17/2012,_DJCD,144.3543257,144.6050554,143.0793601,143.6173631,,
01/18/2012,_DJCD,143.0948948,143.5318196,142.3151054,142.75911,,
01/19/2012,_DJCD,143.5014144,143.9271296,142.7187456,143.170752,,
01/20/2012,_DJCD,143.1613056,143.2261248,142.3449888,143.0498976,,
01/23/2012,_DJCD,143.0790072,144.7361802,143.005467,144.5911146,,
01/24/2012,_DJCD,144.8283389,145.7693793,144.3497411,145.3826642,,
01/25/2012,_DJCD,144.548892,146.442436,144.318976,146.183404,,
01/26/2012,_DJCD,147.381045,147.6544272,146.1012558,146.4587556,,
01/27/2012,_DJCD,146.6408581,146.8190183,145.4377763,146.7549607,,
01/30/2012,_DJCD,146.2831164,146.2831164,145.3530748,145.3731188,,
01/31/2012,_DJCD,146.3735844,146.4086754,143.8951572,144.5308056,,
02/01/2012,_DJCD,144.506384,144.5922808,144.0059852,144.1478148,,
02/02/2012,_DJCD,143.9177736,144.5932328,143.170372,144.3384368,,
02/03/2012,_DJCD,143.7331969,144.5980128,143.2685197,144.5106376,,
02/06/2012,_DJCD,144.7231968,145.1930256,143.7696036,145.174113,,
02/07/2012,_DJCD,144.3550592,145.4946416,144.0219352,145.2251592,,
02/08/2012,_DJCD,145.97874,146.613192,145.029552,145.304448,,
02/09/2012,_DJCD,145.3887166,147.0969599,145.1598896,145.7986154,,
02/10/2012,_DJCD,145.825592,145.8516466,144.7773954,145.1912627,,
02/13/2012,_DJCD,145.3506264,145.5824408,144.649188,145.1667736,,
02/14/2012,_DJCD,145.2860094,145.4128697,144.4199631,144.7595891,,
02/15/2012,_DJCD,145.56429,145.894959,144.24561,144.558297,,
02/16/2012,_DJCD,143.5145644,144.8415028,143.2266626,144.658202,,
02/17/2012,_DJCD,145.0306749,145.6091766,144.5049453,145.1292492,,
02/21/2012,_DJCD,145.9125125,147.246826,145.7610445,147.20298,,
02/22/2012,_DJCD,146.956,148.404,146.939,148.292,,
02/23/2012,_DJCD,148.26042,148.6344825,147.4674075,148.21653,,
02/24/2012,_DJCD,148.8164496,149.5291644,148.3286448,149.2922592,,
02/27/2012,_DJCD,148.4085708,149.5003685,148.2257721,148.8810505,,
02/28/2012,_DJCD,148.3087936,148.7035704,147.7658512,147.8851792,,
02/29/2012,_DJCD,147.608586,147.7213776,144.981729,146.4678078,,
03/01/2012,_DJCD,145.656896,146.4907136,145.1177728,146.420736,,
03/02/2012,_DJCD,145.1774423,146.2721546,144.8234161,146.0526188,,
03/05/2012,_DJCD,145.3838544,146.3691066,145.3530342,145.535967,,
03/06/2012,_DJCD,145.2826368,145.4788132,144.0074902,144.0875622,,
03/07/2012,_DJCD,144.0409421,144.0459306,142.9055595,143.36949,,
03/08/2012,_DJCD,143.4151056,143.5884606,142.5106878,142.8633414,,
03/09/2012,_DJCD,143.465088,144.290591,142.534539,144.089418,,
03/12/2012,_DJCD,143.487423,143.9785125,142.8187476,143.7314796,,
03/13/2012,_DJCD,143.8265808,144.4175244,142.9213896,144.2613888,,
03/14/2012,_DJCD,144.1360692,144.4845069,143.5761864,143.5761864,,
03/15/2012,_DJCD,143.6215662,144.7264314,143.5769352,144.3852522,,
03/16/2012,_DJCD,144.0097155,145.0767847,144.0097155,145.0123242,,
03/19/2012,_DJCD,143.6793072,144.7755309,143.6546397,144.5298426,,
03/20/2012,_DJCD,143.890446,144.110559,142.9237335,143.1041865,,
03/21/2012,_DJCD,143.318766,143.6441748,143.0092308,143.2175718,,
03/22/2012,_DJCD,143.0751036,143.467632,142.2860516,142.7674732,,
03/23/2012,_DJCD,143.505414,144.20601,143.13316,143.770882,,
03/26/2012,_DJCD,142.8608055,143.7581985,142.812271,143.097535,,
03/27/2012,_DJCD,144.1328256,144.1656672,143.1674816,143.3097952,,
03/28/2012,_DJCD,143.106214,143.321782,141.829772,141.943544,,
03/29/2012,_DJCD,141.3011623,141.6819017,139.3097557,139.4821848,,
03/30/2012,_DJCD,140.3335854,142.5686574,140.29068,141.5898156,,
04/02/2012,_DJCD,140.621285,142.4646055,140.1507975,142.400223,,
04/03/2012,_DJCD,141.8108755,142.7003445,141.7395595,142.2358,,
04/04/2012,_DJCD,141.823428,141.838368,140.29158,140.29158,,
04/05/2012,_DJCD,140.0898668,140.8198688,139.9259888,140.7006848,,
04/09/2012,_DJCD,140.490522,140.7677436,139.867272,140.7677436,,
04/10/2012,_DJCD,141.7799241,141.8401701,139.9323801,139.9534662,,
04/11/2012,_DJCD,140.1989056,140.5371188,139.8787572,140.12765,,
04/12/2012,_DJCD,139.3352362,140.6168889,139.1274275,140.5482822,,
04/13/2012,_DJCD,140.6385662,140.9034072,139.2444032,139.3783228,,
04/16/2012,_DJCD,138.6964992,139.2162912,137.9987784,138.1877028,,
04/17/2012,_DJCD,137.5952816,137.6626288,137.1218704,137.1297936,,
04/18/2012,_DJCD,137.047372,137.066201,135.864118,135.932497,,
04/19/2012,_DJCD,137.3603577,137.4668548,136.6308028,136.8766419,,
04/20/2012,_DJCD,136.9152435,137.4466875,136.785357,137.0253,,
04/23/2012,_DJCD,136.2825584,136.6422188,135.7029404,136.6422188,,
04/24/2012,_DJCD,136.4270822,137.0774493,136.1991083,136.3293791,,
04/25/2012,_DJCD,136.6093394,136.8648934,135.5763115,136.4294687,,
04/26/2012,_DJCD,136.9899762,138.0046292,136.9722444,137.480556,,
04/27/2012,_DJCD,136.9292843,137.9125252,136.8881117,137.8644905,,
04/30/2012,_DJCD,138.321141,139.536138,138.03195,139.455204,,
05/01/2012,_DJCD,138.692202,139.7065902,138.6862872,139.520274,,
05/02/2012,_DJCD,138.845664,138.9561408,137.223036,137.3127984,,
05/03/2012,_DJCD,137.476556,137.7958092,136.6937432,136.7777572,,
05/04/2012,_DJCD,137.7744025,137.8759231,135.6175874,136.4914608,,
05/07/2012,_DJCD,136.2407735,136.5088565,135.5785092,136.3370848,,
05/08/2012,_DJCD,136.5645416,136.8002112,135.0426752,136.0832164,,
05/09/2012,_DJCD,135.9444212,136.5056532,135.402231,136.2069976,,
05/10/2012,_DJCD,136.3427197,136.9590112,135.8897705,136.2976252,,
05/11/2012,_DJCD,134.820844,135.6053144,134.6687528,134.8348524,,
05/14/2012,_DJCD,133.525378,133.828284,133.117157,133.520363,,
05/15/2012,_DJCD,134.4032452,134.808905,133.8908858,134.763608,,
05/16/2012,_DJCD,134.2116468,136.0771314,134.1762198,135.958704,,
05/17/2012,_DJCD,137.088912,137.7250176,136.874838,137.6669118,,
05/18/2012,_DJCD,138.47589,139.406932,138.441142,138.992,,
05/21/2012,_DJCD,138.4978832,138.6209644,137.8580644,138.0554012,,
05/22/2012,_DJCD,137.8631232,138.941088,137.226144,137.2434976,,
05/23/2012,_DJCD,136.307661,136.4695478,135.0668704,135.6140068,,
05/24/2012,_DJCD,136.812984,137.2563024,135.6359326,135.858618,,
05/25/2012,_DJCD,136.80641,136.8228772,136.0921452,136.4852996,,
05/29/2012,_DJCD,135.24637,136.35013,133.923902,134.015882,,
05/30/2012,_DJCD,133.6752486,134.1026156,132.8153656,133.2808352,,
05/31/2012,_DJCD,133.600492,133.7678542,132.6180139,132.6283449,,
06/01/2012,_DJCD,132.2473248,133.0193016,131.3234496,131.9352048,,
06/04/2012,_DJCD,131.8886415,132.6495555,131.810679,132.5871855,,
06/05/2012,_DJCD,132.4026375,133.0666375,132.04885,132.4565875,,
06/06/2012,_DJCD,132.6575714,133.5794183,132.4489483,133.0213772,,
06/07/2012,_DJCD,132.7832308,134.5195368,132.493504,132.786313,,
06/08/2012,_DJCD,130.917465,132.3479878,130.6496268,132.1776386,,
06/11/2012,_DJCD,133.5777576,133.6468748,132.3315848,132.3914176,,
06/12/2012,_DJCD,131.2952608,131.9731824,131.1116784,131.476792,,
06/13/2012,_DJCD,131.9771084,132.0553732,131.072944,131.139881,,
06/14/2012,_DJCD,130.396695,131.891298,130.165497,131.792067,,
06/15/2012,_DJCD,132.0346488,132.4340944,131.4972872,131.5708424,,
06/18/2012,_DJCD,132.1402197,133.3430672,131.5085968,133.2089625,,
06/19/2012,_DJCD,132.868701,134.0625804,132.8218822,133.7867566,,
06/20/2012,_DJCD,133.91281,134.220246,132.09568,132.756362,,
06/21/2012,_DJCD,133.1026196,133.4740525,131.3061602,131.5294315,,
06/22/2012,_DJCD,131.4581184,131.9497344,130.9624056,131.3782308,,
06/25/2012,_DJCD,133.0514672,134.3012162,132.9475786,134.2981304,,
06/26/2012,_DJCD,133.6204716,134.4151732,133.2599884,134.3998117,,
06/27/2012,_DJCD,134.5310046,136.4490558,134.5310046,135.2287572,,
06/28/2012,_DJCD,136.6553568,136.9127232,134.4878976,134.8837664,,
06/29/2012,_DJCD,134.759438,137.829268,134.7401245,137.6554465,,
07/02/2012,_DJCD,137.408739,137.95262,136.9116216,137.927205,,
07/03/2012,_DJCD,139.0250923,141.0138688,138.8085029,141.0007115,,
07/05/2012,_DJCD,141.0388422,142.1205668,140.467059,142.0252696,,
07/06/2012,_DJCD,141.4354032,141.7177216,139.4938272,139.513192,,
07/09/2012,_DJCD,141.323072,142.557081,140.708615,142.294179,,
07/10/2012,_DJCD,142.336239,142.5427234,140.5208118,140.5525,,
07/11/2012,_DJCD,140.817418,142.0234865,140.24242,141.074332,,
07/12/2012,_DJCD,139.8863752,141.7718038,139.5746836,141.3796428,,
07/13/2012,_DJCD,142.2890469,142.7485248,141.748425,142.3499049,,
07/16/2012,_DJCD,143.1336804,143.941302,142.8668406,143.7830244,,
07/17/2012,_DJCD,143.0584488,143.707896,142.3139112,143.0898084,,
07/18/2012,_DJCD,142.0675347,144.84834,141.9927873,144.7988451,,
07/19/2012,_DJCD,145.7384481,146.9368971,145.3990554,146.8794924,,
07/20/2012,_DJCD,147.0244274,148.0093953,146.6387411,147.9911739,,
07/23/2012,_DJCD,145.8992327,147.0096157,145.1484508,146.3657973,,
07/24/2012,_DJCD,145.6022334,146.2533111,144.2244426,145.2557415,,
07/25/2012,_DJCD,145.085429,145.7616854,144.2050772,145.1341682,,
07/26/2012,_DJCD,144.18558,145.39758,143.56645,143.8442,,
07/27/2012,_DJCD,143.7806304,144.2842368,143.2790304,143.9351232,,
07/30/2012,_DJCD,145.0056384,145.988208,144.7732672,145.8539936,,
07/31/2012,_DJCD,146.3967664,146.5010576,144.2888808,144.5726732,,
08/01/2012,_DJCD,144.270603,144.3862125,143.2421811,144.1389087,,
08/02/2012,_DJCD,144.0567944,144.5201064,141.7140472,141.7503064,,
08/03/2012,_DJCD,141.194053,143.695552,140.829689,143.066924,,
08/06/2012,_DJCD,142.0624068,143.2426428,141.8763696,143.043603,,
08/07/2012,_DJCD,143.1145632,143.5272384,143.0238544,143.1963008,,
08/08/2012,_DJCD,142.267244,143.16085,142.019738,143.130036,,
08/09/2012,_DJCD,142.8074236,144.1914315,142.5805533,143.393918,,
08/10/2012,_DJCD,142.7029424,142.8446268,141.7131332,141.8835508,,
08/13/2012,_DJCD,141.6722692,141.909405,140.510403,140.54513,,
08/14/2012,_DJCD,141.2330667,141.2747433,140.2725203,140.747832,,
08/15/2012,_DJCD,140.2392108,140.9040204,139.8899879,140.7526575,,
08/16/2012,_DJCD,140.4544824,141.143976,140.2236648,140.7799944,,
08/17/2012,_DJCD,141.1199856,141.7459593,140.8737495,141.5264235,,
08/20/2012,_DJCD,141.5571739,142.41403,141.1361581,142.4001938,,
08/21/2012,_DJCD,143.4402711,144.6331257,143.3532303,144.2374857,,
08/22/2012,_DJCD,144.3487595,145.0891112,143.9215954,144.8175498,,
08/23/2012,_DJCD,145.8341872,146.1462404,144.5790178,145.0719426,,
08/24/2012,_DJCD,144.970342,145.4892626,144.122011,144.2232154,,
08/27/2012,_DJCD,144.6073136,144.7925184,143.1306272,143.3019664,,
08/28/2012,_DJCD,142.701021,143.0982774,142.3067292,142.7039856,,
08/29/2012,_DJCD,142.79102,143.7248248,142.5724068,143.6585484,,
08/30/2012,_DJCD,143.9840952,144.4236398,143.5723322,143.9076958,,
08/31/2012,_DJCD,143.181447,144.1370748,142.6133958,144.0118274,,
09/04/2012,_DJCD,146.3351094,146.4120018,144.2038098,144.4857486,,
09/05/2012,_DJCD,144.6008864,145.1296532,144.1216296,144.2256006,,
09/06/2012,_DJCD,143.7230475,144.1415925,143.07951,143.439105,,
09/07/2012,_DJCD,142.9061508,144.309033,142.8621273,144.0654363,,
09/10/2012,_DJCD,144.4126891,144.777222,144.0286102,144.4791455,,
09/11/2012,_DJCD,143.8555211,144.8710199,143.8146677,144.6122817,,
09/12/2012,_DJCD,145.668,145.920784,144.830592,145.904192,,
09/13/2012,_DJCD,144.79431,145.7596054,144.2075808,145.718941,,
09/14/2012,_DJCD,148.190667,148.3626225,147.458156,147.6806295,,
09/17/2012,_DJCD,147.4677006,147.4677006,144.6150464,144.9220454,,
09/18/2012,_DJCD,144.1044576,144.9480282,143.5560393,143.6047443,,
09/19/2012,_DJCD,144.0611424,144.323256,142.9084272,143.2718784,,
09/20/2012,_DJCD,142.666425,143.643425,142.614644,142.938031,,
09/21/2012,_DJCD,143.567648,144.358208,143.33536,144.110304,,
09/24/2012,_DJCD,142.9822674,143.3198844,142.6563936,143.1956022,,
09/25/2012,_DJCD,144.0805644,144.8541,143.501148,144.010956,,
09/26/2012,_DJCD,143.952498,143.977128,142.7229684,143.3929044,,
09/27/2012,_DJCD,143.1854592,144.1756632,143.1158508,144.0393876,,
09/28/2012,_DJCD,144.5833515,146.218912,144.3571465,146.055651,,
10/01/2012,_DJCD,145.507936,147.2246468,145.4892761,146.6137806,,
10/02/2012,_DJCD,146.9128216,146.9128216,145.902459,146.5655402,,
10/03/2012,_DJCD,146.4403066,146.5765678,145.1102788,145.414398,,
10/04/2012,_DJCD,145.2531228,146.2433268,144.9952776,145.9041084,,
10/05/2012,_DJCD,145.1966795,145.741704,144.260255,144.6115365,,
10/08/2012,_DJCD,143.0728766,143.9274016,142.9976784,143.5738724,,
10/09/2012,_DJCD,144.1407046,144.9575016,143.834528,144.5867638,,
10/10/2012,_DJCD,144.7407976,145.1520042,144.236358,144.3619772,,
10/11/2012,_DJCD,144.4469733,146.050407,144.2190294,145.5426693,,
10/12/2012,_DJCD,145.015596,145.2135762,143.5640679,143.9933517,,
10/15/2012,_DJCD,143.0206325,143.2657575,141.8106955,142.5499925,,
10/16/2012,_DJCD,144.0173592,144.2392992,143.3771856,143.6662008,,
10/17/2012,_DJCD,142.7726725,143.4999325,142.44912,143.479405,,
10/18/2012,_DJCD,144.9140532,145.4903952,143.9997876,145.4568984,,
10/19/2012,_DJCD,146.7170995,146.922754,145.36892,145.4195885,,
10/22/2012,_DJCD,145.5307812,145.749969,143.9032374,143.9369586,,
10/23/2012,_DJCD,143.0826462,143.1679668,142.0330044,143.0300649,,
10/24/2012,_DJCD,143.3158312,143.5492802,142.5091904,142.8399926,,
10/25/2012,_DJCD,143.569536,143.6909016,142.335984,142.7727012,,
10/26/2012,_DJCD,142.2889092,143.2265216,142.2819344,142.4852,,
10/31/2012,_DJCD,143.0791128,143.3248914,142.581561,142.6135322,,
11/01/2012,_DJCD,143.1418276,143.1896548,142.43538,142.5688976,,
11/02/2012,_DJCD,141.9337316,142.052208,139.702592,139.7483896,,
11/05/2012,_DJCD,139.5756522,140.0020686,139.3803774,139.7101527,,
11/06/2012,_DJCD,139.714866,141.351336,139.541301,141.2977788,,
11/07/2012,_DJCD,141.8727015,141.9065825,140.345067,140.494542,,
11/08/2012,_DJCD,141.0221008,141.6931679,140.7260712,141.5621548,,
11/09/2012,_DJCD,141.2545645,141.515956,140.400285,141.001185,,
11/12/2012,_DJCD,140.6267268,140.858634,139.9569948,140.3778264,,
11/13/2012,_DJCD,140.7649216,141.464178,140.482414,141.2127262,,
11/14/2012,_DJCD,142.1863726,142.6180496,141.8129218,142.0558656,,
11/15/2012,_DJCD,141.412671,141.722826,140.618274,140.712321,,
11/16/2012,_DJCD,140.1810297,141.2211726,139.9657932,141.1010406,,
11/19/2012,_DJCD,141.430008,142.496724,141.304512,142.13418,,
11/20/2012,_DJCD,142.188592,142.385899,141.676391,142.186599,,
11/21/2012,_DJCD,142.128204,142.581384,141.817452,142.536564,,
11/23/2012,_DJCD,142.1129466,143.1860553,141.7923045,143.0262306,,
11/26/2012,_DJCD,143.2179672,143.2179672,142.2673791,142.349823,,
11/27/2012,_DJCD,143.12844,143.2467855,142.621245,143.2368405,,
11/28/2012,_DJCD,142.2499068,142.253874,140.9337882,142.0267518,,
11/29/2012,_DJCD,142.8639192,143.17851,142.3389396,142.4649744,,
11/30/2012,_DJCD,142.796946,142.8943776,141.8087112,141.9747426,,
12/03/2012,_DJCD,142.75663,143.386465,142.44619,142.65912,,
12/04/2012,_DJCD,141.8445252,141.9358444,140.765569,141.0444896,,
12/05/2012,_DJCD,141.4212272,142.072577,140.8313442,141.983351,,
12/06/2012,_DJCD,142.0573363,142.1960903,140.7223246,141.1911149,,
12/07/2012,_DJCD,140.3471286,140.734503,139.8184416,139.8431466,,
12/10/2012,_DJCD,139.7821175,139.9478495,139.1290545,139.268151,,
12/11/2012,_DJCD,139.4167902,139.5311778,138.4198431,138.6643959,,
12/12/2012,_DJCD,138.7541636,138.9923158,138.2424316,138.65969,,
12/13/2012,_DJCD,137.8985896,138.2816768,137.35498,137.5086088,,
12/14/2012,_DJCD,138.177715,138.6723858,137.75892,138.4841744,,
12/17/2012,_DJCD,138.3040949,138.5243541,137.917658,138.1162846,,
12/18/2012,_DJCD,138.3496576,138.8345728,137.9977984,138.3122048,,
12/19/2012,_DJCD,138.7037343,138.7531693,137.8850907,137.9691302,,
12/20/2012,_DJCD,137.4142912,137.54164,136.45572,137.1289904,,
12/21/2012,_DJCD,138.014091,138.439095,137.90784,138.287166,,
12/24/2012,_DJCD,138.0021784,138.1610264,137.597116,137.666612,,
12/26/2012,_DJCD,138.0447024,139.1551121,137.9721331,138.3111212,,
12/27/2012,_DJCD,138.23535,138.47017,137.95874,138.425395,,
12/28/2012,_DJCD,138.5471682,139.0266771,138.3288471,138.6528396,,
12/31/2012,_DJCD,137.2104063,138.5021205,137.1270699,137.9723391,,
01/02/2013,_DJCD,137.7272344,138.70908,137.1048408,137.566712,,
01/03/2013,_DJCD,137.6636506,137.6794538,136.8725029,136.9762114,,
01/04/2013,_DJCD,135.763824,136.380699,135.522996,135.943458,,
01/07/2013,_DJCD,135.7713495,136.336041,135.6097275,135.963522,,
01/08/2013,_DJCD,136.207044,136.3905144,135.8105112,136.039356,,
01/09/2013,_DJCD,136.1189328,136.4250888,135.3229272,135.5994552,,
01/10/2013,_DJCD,136.08652,136.337185,135.747385,136.092418,,
01/11/2013,_DJCD,135.9899982,136.6949718,135.3125934,136.411407,,
01/14/2013,_DJCD,137.314303,137.548376,136.9061505,137.3133195,,
01/15/2013,_DJCD,137.3770375,138.0578963,137.3219391,137.6692558,,
01/16/2013,_DJCD,137.510912,138.117056,137.4833152,138.0027264,,
01/17/2013,_DJCD,138.031101,139.0530645,137.893131,138.8047185,,
01/18/2013,_DJCD,140.0664748,140.3381732,139.5647252,140.2885932,,
01/22/2013,_DJCD,140.8971075,141.0676455,140.2704795,140.67402,,
01/23/2013,_DJCD,141.8148319,142.0825371,141.2784226,141.4412433,,
01/24/2013,_DJCD,141.4215992,141.7263288,141.132908,141.398544,,
01/25/2013,_DJCD,141.8187624,141.8670312,141.1429992,141.4346232,,
01/28/2013,_DJCD,141.2766432,141.4607229,140.8933953,141.359127,,
01/29/2013,_DJCD,140.4402624,141.2619192,140.4402624,141.0897816,,
01/30/2013,_DJCD,142.2484936,143.1906228,142.1223424,143.1355568,,
01/31/2013,_DJCD,142.3892208,142.3961991,141.3883332,141.9545724,,
02/01/2013,_DJCD,142.3224513,143.1434025,142.2596844,142.3603107,,
02/04/2013,_DJCD,142.4515719,142.8750207,142.0031556,142.2478371,,
02/05/2013,_DJCD,142.1168964,142.3129705,141.7546072,142.1875627,,
02/06/2013,_DJCD,141.7266468,142.067142,141.4130328,141.7943476,,
02/07/2013,_DJCD,142.242089,142.3179142,140.8363297,140.8532906,,
02/08/2013,_DJCD,141.8986179,142.557129,141.4997025,141.5327784,,
02/11/2013,_DJCD,141.2367072,141.2859375,140.6429295,141.1714017,,
02/12/2013,_DJCD,140.948334,140.980398,140.341122,140.538516,,
02/13/2013,_DJCD,140.3932704,140.940144,140.3582144,140.7167872,,
02/14/2013,_DJCD,140.5463136,140.5863416,139.4035142,139.7087277,,
02/15/2013,_DJCD,140.4494208,140.671791,139.6686096,140.0600214,,
02/19/2013,_DJCD,140.703424,140.9238656,140.2109696,140.8015104,,
02/20/2013,_DJCD,141.490701,141.588285,140.1153765,140.689699,,
02/21/2013,_DJCD,139.829406,139.9240986,139.2612504,139.3233606,,
02/22/2013,_DJCD,140.2735124,140.3347904,139.5340912,139.601497,,
02/25/2013,_DJCD,141.478218,141.49566,140.461452,140.68512,,
02/26/2013,_DJCD,140.1530024,140.7571986,140.0083646,140.6156382,,
02/27/2013,_DJCD,140.190885,140.7052025,139.6193075,139.6581625,,
02/28/2013,_DJCD,140.7379497,141.2252816,140.5236473,140.7049801,,
03/01/2013,_DJCD,139.1373573,139.7533773,139.0541946,139.3909522,,
03/04/2013,_DJCD,139.5030048,139.7803488,139.15992,139.6447584,,
03/05/2013,_DJCD,140.3104815,140.6493585,139.9695507,140.1708231,,
03/06/2013,_DJCD,140.6954374,140.7748937,139.6893349,139.7894292,,
03/07/2013,_DJCD,139.6101348,140.7897126,139.5916074,140.7814782,,
03/08/2013,_DJCD,140.4400725,141.1537127,140.2436672,141.1372599,,
03/11/2013,_DJCD,140.4480753,141.0911892,140.233704,140.9445141,,
03/12/2013,_DJCD,141.0958944,141.9112464,141.0692288,141.2907584,,
03/13/2013,_DJCD,141.5438706,141.8644194,140.7476356,141.0538008,,
03/14/2013,_DJCD,140.1891918,141.3860709,140.0839155,141.2889714,,
03/15/2013,_DJCD,141.550191,141.7418194,140.8387196,141.0354445,,
03/18/2013,_DJCD,140.5245347,140.9159224,140.2506655,140.5327099,,
03/19/2013,_DJCD,141.2591334,141.6358956,140.8310412,141.0322548,,
03/20/2013,_DJCD,141.3885121,141.7219296,140.7288584,141.7157742,,
03/21/2013,_DJCD,141.6554937,141.9753249,141.0732369,141.4679004,,
03/22/2013,_DJCD,141.361727,141.5949938,140.7673059,141.198031,,
03/25/2013,_DJCD,140.9398968,141.3871824,140.6263884,140.7142116,,
03/26/2013,_DJCD,140.2372848,140.7959748,140.0300616,140.693379,,
03/27/2013,_DJCD,140.5568763,141.7617337,140.5365583,141.5463629,,
03/28/2013,_DJCD,141.319188,141.5610198,139.2585372,139.6893636,,
04/01/2013,_DJCD,138.6605961,139.38957,138.301701,138.6341619,,
04/02/2013,_DJCD,138.4651359,138.5706231,137.163789,137.4589503,,
04/03/2013,_DJCD,137.2195755,137.4396786,135.4404933,135.8441847,,
04/04/2013,_DJCD,135.5664344,135.6373024,134.7028572,135.3001732,,
04/05/2013,_DJCD,135.6447474,136.5765942,135.4931697,136.4046705,,
04/08/2013,_DJCD,137.2566888,137.3288532,136.3459944,136.6997016,,
04/09/2013,_DJCD,136.9240664,137.5846614,136.6262905,137.5033574,,
04/10/2013,_DJCD,137.0708265,137.7817106,136.8284566,136.9288525,,
04/11/2013,_DJCD,136.4335712,136.8629062,136.1688988,136.3982142,,
04/12/2013,_DJCD,136.18752,136.3131692,135.012092,135.6352715,,
04/15/2013,_DJCD,134.7457632,134.8575318,133.132809,133.2373998,,
04/16/2013,_DJCD,133.0966715,133.812042,132.6272415,133.793673,,
04/17/2013,_DJCD,133.7901007,134.0281559,133.3868434,133.7223781,,
04/18/2013,_DJCD,134.2802974,135.2271108,133.6525078,135.0014348,,
04/19/2013,_DJCD,135.0930728,135.2254526,134.5327676,134.9565882,,
04/22/2013,_DJCD,134.7748424,134.9737312,133.7086344,134.260192,,
04/23/2013,_DJCD,133.7751616,134.0889952,133.3546656,133.4192784,,
04/24/2013,_DJCD,133.987728,134.287174,133.710843,133.9415805,,
04/25/2013,_DJCD,133.9030484,135.4324484,133.8775584,135.2173128,,
04/26/2013,_DJCD,134.4016362,134.4717816,133.4470488,134.1088554,,
04/29/2013,_DJCD,134.2564776,135.917222,134.1493328,135.8353472,,
04/30/2013,_DJCD,135.0692307,135.1890756,134.4206583,134.5807872,,
05/01/2013,_DJCD,133.5574014,133.5574014,132.3575244,132.4170141,,
05/02/2013,_DJCD,133.533287,133.8242246,132.2442718,132.9402996,,
05/03/2013,_DJCD,133.5739633,134.5163498,133.5275999,134.1696322,,
05/06/2013,_DJCD,133.7280146,133.7733161,133.2538589,133.5870766,,
05/07/2013,_DJCD,132.8486306,132.925954,132.112552,132.5815134,,
05/08/2013,_DJCD,133.02142,133.5920132,132.6734484,133.3102264,,
05/09/2013,_DJCD,133.2780197,134.2776728,133.1652693,134.2776728,,
05/10/2013,_DJCD,133.69752,133.7490198,132.5847204,133.2370512,,
05/13/2013,_DJCD,133.1626368,134.059872,133.0565448,133.5728592,,
05/14/2013,_DJCD,134.2803501,134.505306,133.9597116,134.2803501,,
05/15/2013,_DJCD,133.1592857,133.6376804,132.701205,133.3593786,,
05/16/2013,_DJCD,133.4193952,133.7608272,133.071848,133.4173568,,
05/17/2013,_DJCD,135.0245848,135.3544444,134.4450184,135.33492,,
05/20/2013,_DJCD,135.010304,135.804928,134.723584,135.676928,,
05/21/2013,_DJCD,135.7846215,136.0268283,135.1760256,135.8698044,,
05/22/2013,_DJCD,137.6167415,138.0220912,136.8765377,137.1699238,,
05/23/2013,_DJCD,135.8040546,136.8507378,135.2868942,136.5664026,,
05/24/2013,_DJCD,136.5001002,136.5465267,135.936792,136.1586075,,
05/28/2013,_DJCD,137.6521212,138.134542,137.4213078,137.6812328,,
05/29/2013,_DJCD,136.9344141,137.0275731,136.0111049,136.4737946,,
05/30/2013,_DJCD,135.634356,135.7404048,134.9877672,135.1988352,,
05/31/2013,_DJCD,136.0919875,136.1832875,135.4798625,135.528625,,
06/03/2013,_DJCD,135.3164232,135.6267584,134.8293408,135.4541216,,
06/04/2013,_DJCD,135.9661212,136.9121397,135.8379176,136.6123087,,
06/05/2013,_DJCD,136.9659384,137.5255488,136.6525152,136.7228544,,
06/06/2013,_DJCD,135.4092865,135.4585393,134.9608808,135.1897011,,
06/07/2013,_DJCD,134.6963802,134.7871068,133.4771778,133.8451812,,
06/10/2013,_DJCD,133.2687261,133.4195529,133.023123,133.084269,,
06/11/2013,_DJCD,132.0467624,132.41746,131.7239296,132.335988,,
06/12/2013,_DJCD,132.935968,133.0431415,132.5215638,132.8053184,,
06/13/2013,_DJCD,131.5984012,132.170184,131.4318428,132.1102636,,
06/14/2013,_DJCD,132.5481957,133.0606125,132.394674,132.5502291,,
06/17/2013,_DJCD,132.7182972,133.3617996,132.472911,133.1428866,,
06/18/2013,_DJCD,133.2642024,133.6991058,133.2407217,133.6327473,,
06/19/2013,_DJCD,134.8004832,135.7588608,134.568336,135.5636928,,
06/20/2013,_DJCD,134.534988,134.5370656,132.9134212,133.0297668,,
06/21/2013,_DJCD,134.1658785,134.169015,132.991782,133.067058,,
06/24/2013,_DJCD,132.8615168,133.0924288,132.3524608,132.6883328,,
06/25/2013,_DJCD,133.7798036,133.8565339,132.6719442,132.8663977,,
06/26/2013,_DJCD,131.7648762,132.0192243,131.3116551,131.6110113,,
06/27/2013,_DJCD,131.8058892,132.1484544,131.0149512,131.2946604,,
06/28/2013,_DJCD,132.0261432,132.0314022,130.8849402,130.912287,,
07/01/2013,_DJCD,131.3060935,131.7951605,131.235777,131.5999535,,
07/02/2013,_DJCD,132.673112,133.0294654,132.4190257,132.8154425,,
07/03/2013,_DJCD,132.89115,133.1967,132.63075,133.14315,,
07/05/2013,_DJCD,133.5621252,133.6700106,132.5594256,132.7815426,,
07/08/2013,_DJCD,133.1819345,134.0981085,133.117549,133.9693375,,
07/09/2013,_DJCD,133.645028,133.93538,133.173732,133.892248,,
07/10/2013,_DJCD,133.9507104,134.4174048,133.8680448,134.2562592,,
07/11/2013,_DJCD,133.527255,133.8298546,132.6691986,133.2764704,,
07/12/2013,_DJCD,133.6473552,134.0661528,133.396908,133.4831616,,
07/15/2013,_DJCD,133.3005804,133.8813086,133.0034394,133.8406472,,
07/16/2013,_DJCD,133.9364565,134.117879,133.5072627,133.7954653,,
07/17/2013,_DJCD,133.9122274,134.1930814,133.3619616,133.5804036,,
07/18/2013,_DJCD,133.1720754,134.524845,133.1689632,134.3308512,,
07/19/2013,_DJCD,134.378079,134.6154375,134.145903,134.3936265,,
07/22/2013,_DJCD,134.2376266,134.5311122,133.9224396,134.2014576,,
07/23/2013,_DJCD,133.10847,133.6340335,133.0087055,133.377937,,
07/24/2013,_DJCD,133.700967,133.896952,132.3321665,132.5446555,,
07/25/2013,_DJCD,131.5425169,131.8775471,130.9166476,131.3236168,,
07/26/2013,_DJCD,130.871596,130.871596,130.046112,130.162276,,
07/29/2013,_DJCD,129.8662864,129.9340288,129.228892,129.4998616,,
07/30/2013,_DJCD,129.4961173,129.9516867,128.9137718,129.1137276,,
07/31/2013,_DJCD,128.940975,129.660225,128.517645,129.6263175,,
08/01/2013,_DJCD,131.267705,131.4425355,130.4018285,130.6170045,,
08/02/2013,_DJCD,130.91331,131.424252,130.4304075,130.5238725,,
08/05/2013,_DJCD,129.3838496,129.6645514,129.21605,129.4936444,,
08/06/2013,_DJCD,129.9125646,129.9302004,128.839893,128.9239224,,
08/07/2013,_DJCD,129.2109138,129.3443154,128.821131,128.9555748,,
08/08/2013,_DJCD,128.606068,129.1800824,128.012438,129.0747776,,
08/09/2013,_DJCD,129.1530732,129.4925112,128.8280356,129.1654164,,
08/12/2013,_DJCD,129.59568,131.4516105,129.59568,131.116698,,
08/13/2013,_DJCD,131.5874712,132.4665412,131.2844506,131.4023494,,
08/14/2013,_DJCD,131.3642323,132.3629797,131.1005878,132.3371322,,
08/15/2013,_DJCD,131.8891392,133.534688,131.6768768,133.4697728,,
08/16/2013,_DJCD,133.871322,134.2650855,133.577808,133.947801,,
08/19/2013,_DJCD,134.0644464,135.0285072,134.0644464,134.6819832,,
08/20/2013,_DJCD,135.2678967,135.2678967,134.1614682,134.5250832,,
08/21/2013,_DJCD,135.5998336,135.8972384,135.0531952,135.162104,,
08/22/2013,_DJCD,135.717105,136.171353,135.574101,135.6424485,,
08/23/2013,_DJCD,135.3715506,136.7745984,135.3715506,136.6119414,,
08/26/2013,_DJCD,136.6640138,138.3552416,136.6640138,137.9930606,,
08/27/2013,_DJCD,137.6644431,138.892926,137.5680915,138.5232291,,
08/28/2013,_DJCD,138.6687228,140.0955952,138.3793644,138.7756596,,
08/29/2013,_DJCD,139.384557,139.384557,138.172554,138.601125,,
08/30/2013,_DJCD,138.653775,138.653775,137.2380054,137.410763,,
09/03/2013,_DJCD,137.3716295,139.019731,137.3716295,138.6437743,,
09/04/2013,_DJCD,138.1171623,138.1171623,136.3704108,136.6893372,,
09/05/2013,_DJCD,136.8456876,137.0967093,135.8710092,136.3016322,,
09/06/2013,_DJCD,134.9909148,136.094567,134.9909148,136.026954,,
09/09/2013,_DJCD,135.60849,135.792039,134.993549,135.16258,,
09/10/2013,_DJCD,134.875832,134.875832,133.3888244,133.794466,,
09/11/2013,_DJCD,133.4195105,133.9065673,133.1863011,133.5567532,,
09/12/2013,_DJCD,133.5826388,134.1079777,132.7786329,134.0749505,,
09/13/2013,_DJCD,134.451675,134.451675,133.53156,133.8462,,
09/16/2013,_DJCD,133.497036,133.7509818,132.6144195,133.0583085,,
09/17/2013,_DJCD,132.684513,133.0993612,131.5758492,131.7858468,,
09/18/2013,_DJCD,130.8000774,132.2222838,130.4966325,131.7226725,,
09/19/2013,_DJCD,132.2899425,134.4108912,132.2899425,133.3940261,,
09/20/2013,_DJCD,133.9530304,133.9530304,132.0488512,132.1941376,,
09/23/2013,_DJCD,131.8990614,131.8990614,131.0693847,131.1721947,,
09/24/2013,_DJCD,131.41461,131.50319,130.4289,130.65962,,
09/25/2013,_DJCD,130.8118448,131.8451072,130.8118448,131.4223152,,
09/26/2013,_DJCD,131.3713368,131.8259196,131.0775588,131.7475788,,
09/27/2013,_DJCD,131.6836733,132.2070657,131.4631891,131.8876727,,
09/30/2013,_DJCD,131.9516772,131.9516772,130.8116124,131.024988,,
10/01/2013,_DJCD,131.202942,131.285518,129.876565,130.3472482,,
10/02/2013,_DJCD,130.5114135,131.7144075,130.0649415,131.4870375,,
10/03/2013,_DJCD,131.44887,131.6947716,131.0118264,131.1244452,,
10/04/2013,_DJCD,130.6421834,131.1620304,130.4754206,131.001444,,
10/07/2013,_DJCD,131.217786,132.2674458,130.8239058,132.0900966,,
10/08/2013,_DJCD,132.7891245,133.68777,132.7891245,133.2078705,,
10/09/2013,_DJCD,133.5420147,133.5420147,132.1672854,132.3854964,,
10/10/2013,_DJCD,132.4491984,133.6374612,132.4491984,133.2476112,,
10/11/2013,_DJCD,132.6195684,132.6195684,131.6562627,132.2181048,,
10/14/2013,_DJCD,132.2819968,132.955912,132.2819968,132.8399696,,
10/15/2013,_DJCD,133.1864417,133.2808906,132.3592354,132.6000282,,
10/16/2013,_DJCD,131.9229108,132.9740976,131.9229108,132.436113,,
10/17/2013,_DJCD,131.948744,132.5619088,131.6699392,131.8829008,,
10/18/2013,_DJCD,131.8444435,132.5952485,131.7559925,132.3607505,,
10/21/2013,_DJCD,132.55379,132.98639,131.90283,131.96154,,
10/22/2013,_DJCD,131.7565512,132.4229544,131.4901956,131.7524376,,
10/23/2013,_DJCD,132.9951434,133.0335531,131.9061765,131.9560053,,
10/24/2013,_DJCD,132.4644573,132.8510764,131.8860918,132.5467832,,
10/25/2013,_DJCD,132.8774824,133.2890942,132.3885628,133.2149205,,
10/28/2013,_DJCD,133.151163,133.151163,132.3826318,132.5173336,,
10/29/2013,_DJCD,132.8346036,132.889032,132.1709958,132.4002231,,
10/30/2013,_DJCD,132.5393654,133.0779346,132.4062948,132.688153,,
10/31/2013,_DJCD,132.054978,132.054978,130.5523032,130.5877584,,
11/01/2013,_DJCD,130.4750532,130.7146902,128.9913876,129.0570273,,
11/04/2013,_DJCD,129.069414,129.069414,128.267074,128.373358,,
11/05/2013,_DJCD,128.7675948,128.9243748,128.256492,128.340108,,
11/06/2013,_DJCD,127.9309564,128.6633418,127.9309564,128.1372328,,
11/07/2013,_DJCD,128.6169172,129.0059176,128.244648,128.296933,,
11/08/2013,_DJCD,128.554582,129.1664972,128.2171904,129.1497324,,
11/11/2013,_DJCD,129.112755,129.54223,129.0320975,129.39977,,
11/12/2013,_DJCD,129.646834,130.0299015,129.0895495,129.2070935,,
11/13/2013,_DJCD,128.6900189,129.0537833,128.3325263,128.394199,,
11/14/2013,_DJCD,128.467897,129.0839321,128.2126974,128.8831193,,
11/15/2013,_DJCD,128.6243426,128.9312198,128.4145388,128.6097294,,
11/18/2013,_DJCD,128.4618738,128.5984544,127.6079844,127.6309216,,
11/19/2013,_DJCD,128.1573104,128.3750656,127.7249407,127.7249407,,
11/20/2013,_DJCD,127.5297359,128.0586577,127.5297359,127.9729431,,
11/21/2013,_DJCD,128.7442332,129.9430572,128.5086748,129.651764,,
11/22/2013,_DJCD,129.614777,130.3496357,129.5653659,130.1625043,,
11/25/2013,_DJCD,130.5215562,130.947453,129.8658438,130.6090548,,
11/26/2013,_DJCD,130.5718866,130.978692,130.0365054,130.5054909,,
11/27/2013,_DJCD,131.1452448,131.6643508,130.814712,130.8920482,,
11/29/2013,_DJCD,131.1391542,132.2950188,131.1391542,131.8460466,,
12/02/2013,_DJCD,132.1814379,132.3027453,131.3620809,131.8324131,,
12/03/2013,_DJCD,131.8943586,132.4426276,131.4397744,132.2329014,,
12/04/2013,_DJCD,132.655212,133.909044,132.655212,133.5534,,
12/05/2013,_DJCD,133.20326,133.5877972,132.6056828,133.38967,,
12/06/2013,_DJCD,133.164265,133.8692992,132.9483948,133.3301554,,
12/09/2013,_DJCD,133.2423887,134.1244297,133.2423887,133.8842595,,
12/10/2013,_DJCD,133.5315015,134.5956411,133.5315015,134.1017277,,
12/11/2013,_DJCD,133.9625524,134.5703036,133.6724412,134.5321868,,
12/12/2013,_DJCD,135.1674918,135.3557844,133.9462494,134.3887902,,
12/13/2013,_DJCD,133.6813478,133.6813478,133.1818774,133.4527766,,
12/16/2013,_DJCD,133.6041122,134.1825446,133.0405114,133.8424772,,
12/17/2013,_DJCD,133.981449,134.085378,133.279398,133.6664805,,
12/18/2013,_DJCD,134.86387,135.31113,134.68197,134.85103,,
12/19/2013,_DJCD,134.3721198,135.19416,134.047995,135.1216584,,
12/20/2013,_DJCD,134.7668088,135.838716,134.7263996,135.673889,,
12/23/2013,_DJCD,135.2783755,135.6664453,134.9708885,135.0143608,,
12/24/2013,_DJCD,135.3454344,135.6919398,135.1934397,135.5038065,,
12/26/2013,_DJCD,135.7077825,136.045229,135.495947,135.7056535,,
12/27/2013,_DJCD,136.4450549,136.9802049,136.3016347,136.5820533,,
12/30/2013,_DJCD,135.8419095,136.077164,135.2670795,135.3373365,,
12/31/2013,_DJCD,135.019494,135.019494,133.45623,133.548624,,
01/02/2014,_DJCD,134.1522336,134.907528,133.7383152,133.7788536,,
01/03/2014,_DJCD,133.3274064,133.4220312,132.5448912,132.8011224,,
01/06/2014,_DJCD,133.1134962,133.5119184,133.0314681,133.2210915,,
01/07/2014,_DJCD,134.609202,135.14202,134.3056572,134.4089916,,
01/08/2014,_DJCD,135.0832842,135.33318,133.6920894,133.7981058,,
01/09/2014,_DJCD,134.0330997,134.1436371,132.4541488,132.5657699,,
01/10/2014,_DJCD,133.2263357,134.8872132,133.2263357,134.6508785,,
01/13/2014,_DJCD,134.2799735,135.3769345,134.2799735,135.2368276,,
01/14/2014,_DJCD,136.2454072,136.6688626,135.9259008,136.55616,,
01/15/2014,_DJCD,136.44384,137.0068895,136.0480654,136.5619164,,
01/16/2014,_DJCD,136.5119532,137.3392785,136.4627727,136.7709705,,
01/17/2014,_DJCD,137.15892,137.369352,136.79176,137.178648,,
01/21/2014,_DJCD,137.2412295,137.3552655,136.7609625,137.0087715,,
01/22/2014,_DJCD,138.4831933,139.4972878,138.4831933,139.3953242,,
01/23/2014,_DJCD,139.60914,140.91006,139.46151,139.83114,,
01/24/2014,_DJCD,139.6673738,141.0011399,139.6673738,140.8071174,,
01/27/2014,_DJCD,141.1373226,141.846332,139.2492239,139.4837082,,
01/28/2014,_DJCD,139.9104558,140.9527003,139.9104558,140.8802448,,
01/29/2014,_DJCD,141.170928,142.604039,140.940826,142.51803,,
01/30/2014,_DJCD,142.326645,142.326645,140.907729,140.9222305,,
01/31/2014,_DJCD,140.5558706,140.5558706,139.7659246,140.3222246,,
02/03/2014,_DJCD,140.1961036,140.7029932,139.666982,140.5084632,,
02/04/2014,_DJCD,140.0660562,142.2600942,140.0660562,142.2124459,,
02/05/2014,_DJCD,142.2252798,143.9629374,141.7709178,141.9304986,,
02/06/2014,_DJCD,141.7511964,143.4789112,141.603992,141.7600508,,
02/07/2014,_DJCD,141.2861511,142.0517025,140.733498,141.726288,,
02/10/2014,_DJCD,142.021792,142.2992474,141.3287062,141.3906086,,
02/11/2014,_DJCD,140.7510636,141.8613672,140.730156,141.7843392,,
02/12/2014,_DJCD,141.7199152,142.8473127,141.678119,142.2489671,,
02/13/2014,_DJCD,141.8997788,142.7544976,141.5980488,142.7303592,,
02/14/2014,_DJCD,142.7954022,143.6812461,142.7954022,143.4221889,,
02/18/2014,_DJCD,143.0040865,145.434971,143.0040865,145.3879075,,
02/19/2014,_DJCD,147.128046,148.1104872,146.9054184,148.0983036,,
