Date,Ticker,Open,High,Low,Close,Returns
01/02/2009,_CNDD,429.72,446.28,425.62,444.46,3.430140557
01/05/2009,_CNDD,444.67,468,442.85,456.82,2.732363326
01/06/2009,_CNDD,467.5,492.39,461,486.19,3.997860963
01/07/2009,_CNDD,478.38,493.33,470.92,480.63,0.470337389
01/08/2009,_CNDD,477.09,484.13,470.25,483.55,1.354042214
01/09/2009,_CNDD,484.52,497.71,479.85,488.86,0.895731858
01/12/2009,_CNDD,486,495.48,469.89,474.93,-2.277777778
01/13/2009,_CNDD,475.52,484.66,467.32,473.95,-0.330164872
01/14/2009,_CNDD,471.99,477.02,457.64,459.68,-2.608106104
01/15/2009,_CNDD,465.75,497.58,456.22,494.12,6.091250671
01/16/2009,_CNDD,508.9,512.52,487.05,511.27,0.465710356
01/20/2009,_CNDD,517.11,525.88,491.95,498.91,-3.519560635
01/21/2009,_CNDD,507.79,525.52,498.56,523.75,3.143031568
01/22/2009,_CNDD,511.99,528.51,504.11,519.21,1.410183793
01/23/2009,_CNDD,510.02,534.78,508.04,525.4,3.015568017
01/26/2009,_CNDD,523.06,527.39,499.58,511.52,-2.206247849
01/27/2009,_CNDD,510.87,537.93,509.65,535.17,4.756591697
01/28/2009,_CNDD,547.48,558.8,539.51,557.77,1.879520713
01/29/2009,_CNDD,548.99,553.63,540.9,545.1,-0.708573927
01/30/2009,_CNDD,555.63,560.19,540.88,548.81,-1.227435524
02/02/2009,_CNDD,542.18,559.11,541.02,548.8,1.220996717
02/03/2009,_CNDD,550.65,552.75,537.9,547.45,-0.58113139
02/04/2009,_CNDD,545.92,560.34,543.47,550.61,0.859100234
02/05/2009,_CNDD,545.27,562.29,541.3,555.8,1.931153374
02/06/2009,_CNDD,562.47,581.56,560.35,575.7,2.352125447
02/09/2009,_CNDD,584.79,584.86,569.51,576.02,-1.499683647
02/10/2009,_CNDD,575.04,583.55,549.92,556.9,-3.154563161
02/11/2009,_CNDD,504.53,511.26,477.32,495.53,-1.783838424
02/12/2009,_CNDD,492.18,510.1,491.88,507.94,3.20208054
02/13/2009,_CNDD,500.41,503.91,485.2,493.06,-1.468795588
02/17/2009,_CNDD,476.77,478.26,460.29,460.52,-3.408352036
02/18/2009,_CNDD,467.84,467.84,438.58,439.4,-6.079001368
02/19/2009,_CNDD,441.03,446.58,430.87,435.3,-1.299231345
02/20/2009,_CNDD,421.91,425.89,406.09,411.58,-2.448389467
02/23/2009,_CNDD,417.15,417.35,393.38,394.86,-5.343401654
02/24/2009,_CNDD,396.85,418.52,396.85,415.04,4.583595817
02/25/2009,_CNDD,417.23,429.66,411.7,421.12,0.932339477
02/26/2009,_CNDD,425.8,429.8,407.71,408.85,-3.980742132
02/27/2009,_CNDD,407.76,418.14,401.01,410.56,0.686678438
03/02/2009,_CNDD,404.38,407.4,378.37,379.89,-6.056184777
03/03/2009,_CNDD,385.15,397.92,381.79,386.38,0.319356095
03/04/2009,_CNDD,398.7,415.09,396.7,408.36,2.422874342
03/05/2009,_CNDD,398.89,403.63,387.24,388.95,-2.491915064
03/06/2009,_CNDD,394.11,394.11,366.9,374.54,-4.965618736
03/09/2009,_CNDD,369.79,382.2,362.03,363.59,-1.676627275
03/10/2009,_CNDD,374.74,393.59,366.58,392.4,4.712600737
03/11/2009,_CNDD,400.32,409.06,396.29,404.77,1.111610711
03/12/2009,_CNDD,400.81,417.52,390.35,416.64,3.949502258
03/13/2009,_CNDD,412.51,413.34,399.64,408.83,-0.892099585
03/16/2009,_CNDD,407.27,418.12,399.77,401,-1.539519238
03/17/2009,_CNDD,404.36,421.51,397.75,421.47,4.23137798
03/18/2009,_CNDD,413.72,427.55,403.78,420.74,1.696799768
03/19/2009,_CNDD,432.33,444.28,428.45,436.41,0.943723545
03/20/2009,_CNDD,441.4,445.62,426.79,430.42,-2.487539647
03/23/2009,_CNDD,441.02,462.01,438.47,462.01,4.759421341
03/24/2009,_CNDD,454.63,463.2,447.55,457.99,0.739062534
03/25/2009,_CNDD,450.07,460.94,437.79,449.28,-0.175528251
03/26/2009,_CNDD,463.43,471.6,460.77,466.66,0.69697689
03/27/2009,_CNDD,465,475.19,462.43,464.37,-0.135483871
03/30/2009,_CNDD,451.55,452.09,439.43,446.91,-1.027571697
03/31/2009,_CNDD,452.04,457.8,446.62,448.07,-0.878240864
04/01/2009,_CNDD,447.1,471.35,445.45,469.01,4.900469694
04/02/2009,_CNDD,482.93,500.39,481.77,497.13,2.940384735
04/03/2009,_CNDD,581.99,586.64,564.53,574.11,-1.353975154
04/06/2009,_CNDD,566.2,610.44,563.68,606.79,7.168844931
04/07/2009,_CNDD,598.41,600.8,570.65,575,-3.912033556
04/08/2009,_CNDD,591.14,601.43,578.82,592.26,0.189464425
04/09/2009,_CNDD,610.36,615.35,601.08,613.3,0.481682941
04/13/2009,_CNDD,607.54,621.13,604.52,614.45,1.137373671
04/14/2009,_CNDD,612.56,622.15,608.39,616.97,0.719929476
04/15/2009,_CNDD,613.1,618.14,604.82,616.15,0.497471864
04/16/2009,_CNDD,623.43,645.73,622.03,642.26,3.020387213
04/17/2009,_CNDD,639.42,654.42,636.49,647.26,1.226111163
04/20/2009,_CNDD,634.64,641.23,615.66,619.06,-2.454935081
04/21/2009,_CNDD,612.82,635.83,611.22,633.61,3.392513299
04/22/2009,_CNDD,627.94,657.84,626.54,636.15,1.307449756
04/23/2009,_CNDD,649.4,654.58,636.89,646.13,-0.503541731
04/24/2009,_CNDD,660.43,661.6,648.66,653.2,-1.094741305
04/27/2009,_CNDD,642.49,665.21,641.7,658.14,2.435835577
04/28/2009,_CNDD,653.21,658.92,642.96,645.36,-1.201757475
04/29/2009,_CNDD,654.32,654.32,634.19,637.49,-2.572135958
04/30/2009,_CNDD,643.54,662.47,642.7,660.46,2.629207198
05/01/2009,_CNDD,666.52,691.21,666.52,683.68,2.574566405
05/04/2009,_CNDD,703.94,710.3,697.59,704.65,0.100860869
05/05/2009,_CNDD,714.44,715.02,706.15,714.41,-0.004199093
05/06/2009,_CNDD,727.1,737.96,716.31,730.19,0.424975932
05/07/2009,_CNDD,739.31,739.55,687.62,700.9,-5.195384886
05/08/2009,_CNDD,709.33,718.31,685.69,706.46,-0.404607165
05/11/2009,_CNDD,691.33,713.1,687.49,703.51,1.761821417
05/12/2009,_CNDD,710.4,710.73,669.83,693.08,-2.438063063
05/13/2009,_CNDD,680.71,689.73,664.52,665.98,-2.163917087
05/14/2009,_CNDD,669.08,687.48,666.7,681.85,1.908590901
05/15/2009,_CNDD,681.62,705.15,680.63,688.37,0.990287844
05/18/2009,_CNDD,704.2,716.01,684.7,714.51,1.464072707
05/19/2009,_CNDD,712.66,726.58,704.8,716.35,0.517778464
05/20/2009,_CNDD,717.35,736.78,714.31,723.17,0.81131944
05/21/2009,_CNDD,716.26,716.61,691.83,700.81,-2.157037947
05/22/2009,_CNDD,706.14,707.85,690.51,694.03,-1.714957374
05/26/2009,_CNDD,693.43,733.34,690.87,732.52,5.637194814
05/27/2009,_CNDD,736.73,750.52,731.43,738.44,0.232106742
05/28/2009,_CNDD,751.94,768.06,741.69,765.16,1.758118999
05/29/2009,_CNDD,768.19,774,747.67,757.47,-1.395488095
06/01/2009,_CNDD,774.12,791.12,770.28,787.01,1.665116519
06/02/2009,_CNDD,784.76,797.71,778.86,791.55,0.865232683
06/03/2009,_CNDD,781.07,782.54,760.57,769.06,-1.537634271
06/04/2009,_CNDD,768.63,788.5,765.77,786.8,2.363946242
06/05/2009,_CNDD,791.5,796.8,783.02,788.84,-0.336070752
06/08/2009,_CNDD,778.9,788.68,767.53,782.65,0.481448196
06/09/2009,_CNDD,787.05,796.43,781.09,786.78,-0.034305317
06/10/2009,_CNDD,800.39,800.77,788.07,798.76,-0.20365072
06/11/2009,_CNDD,805.72,822.5,801.16,817.07,1.408677953
06/12/2009,_CNDD,807.42,807.5,791.57,795.09,-1.527086275
06/15/2009,_CNDD,787.55,788.09,766.29,769.13,-2.338899118
06/16/2009,_CNDD,783.89,795.42,766.78,767.76,-2.057686665
06/17/2009,_CNDD,770.79,772.46,734.88,742.12,-3.719560451
06/18/2009,_CNDD,746.83,749.97,729.41,734.02,-1.715249789
06/19/2009,_CNDD,731.32,737.29,703.52,707.78,-3.218837171
06/22/2009,_CNDD,686.56,690.99,661.42,664.74,-3.178163598
06/23/2009,_CNDD,663.91,682.53,659.57,674.59,1.608651775
06/24/2009,_CNDD,691.29,700.52,682.9,687.66,-0.525105238
06/25/2009,_CNDD,679.82,686.01,675.88,679.07,-0.110323321
06/26/2009,_CNDD,678.48,694.68,675.79,690.11,1.714125693
06/29/2009,_CNDD,693.67,697.68,681.21,682.08,-1.670823302
06/30/2009,_CNDD,687.35,695.43,686.64,690.61,0.474285299
07/01/2009,_CNDD,695.96,697.89,682.95,684.04,-1.712742112
07/02/2009,_CNDD,677.36,691.87,672.21,679.89,0.373508917
07/06/2009,_CNDD,675.34,682.36,660.4,668.71,-0.981727722
07/07/2009,_CNDD,669.26,675.93,648.35,648.58,-3.089979978
07/08/2009,_CNDD,641.59,650.76,620.92,639.1,-0.388098318
07/09/2009,_CNDD,649.46,657.61,644.31,647.74,-0.264835402
07/10/2009,_CNDD,646.87,656.97,645.66,650.13,0.503965248
07/13/2009,_CNDD,655.26,655.71,635.23,653.06,-0.33574459
07/14/2009,_CNDD,656.07,663.32,650.77,652.99,-0.4694621
07/15/2009,_CNDD,668.08,689.83,668.02,687.66,2.930786732
07/16/2009,_CNDD,683.21,706.21,679.17,703.92,3.031278816
07/17/2009,_CNDD,705.05,711.31,696.95,707.42,0.336146373
07/20/2009,_CNDD,712.44,734.49,709.27,729.98,2.461961709
07/21/2009,_CNDD,726.25,728.14,711.62,723.27,-0.410327022
07/22/2009,_CNDD,716.61,729.95,708.56,719.96,0.467478824
07/23/2009,_CNDD,722.59,757.38,718.98,748.55,3.59263206
07/24/2009,_CNDD,742.62,752.78,738.18,748.07,0.733888126
07/27/2009,_CNDD,752.2,763.59,743.92,758.58,0.848178676
07/28/2009,_CNDD,751.54,757.41,737.67,750.2,-0.178300556
07/29/2009,_CNDD,743.79,747.23,733.65,736,-1.047338631
07/30/2009,_CNDD,745.76,753.28,742.18,743.5,-0.303046557
07/31/2009,_CNDD,743.25,754.5,743.24,745.87,0.352505886
08/03/2009,_CNDD,755.41,762.07,751.27,755.04,-0.048980024
08/04/2009,_CNDD,754.32,782.83,752.05,771.12,2.227171492
08/05/2009,_CNDD,780.57,787.84,775.52,781.4,0.106332552
08/06/2009,_CNDD,788.64,788.93,763.24,764.59,-3.049553662
08/07/2009,_CNDD,774.77,778.06,761.32,762.58,-1.573370161
08/10/2009,_CNDD,748.54,750.44,730.01,733.37,-2.026611804
08/11/2009,_CNDD,723.22,728.1,716.93,721.79,-0.197726833
08/12/2009,_CNDD,719.96,734.39,717.27,718.74,-0.169453859
08/13/2009,_CNDD,726.06,730.37,716.04,722.5,-0.490317605
08/14/2009,_CNDD,730.09,736.11,718.99,728.18,-0.261611582
08/17/2009,_CNDD,707.75,710.61,701.82,704.13,-0.511480042
08/18/2009,_CNDD,718.58,731.68,714.93,730.44,1.65047733
08/19/2009,_CNDD,719.39,729.32,718.17,727.04,1.063400937
08/20/2009,_CNDD,729.08,745.63,728.19,743.78,2.016239644
08/21/2009,_CNDD,754.17,761.23,748.87,761.14,0.92419481
08/24/2009,_CNDD,766.62,767.59,747.77,752.26,-1.873157497
08/25/2009,_CNDD,751.64,758.25,742.5,745.43,-0.82619339
08/26/2009,_CNDD,740.76,748.73,735.05,740.31,-0.060748421
08/27/2009,_CNDD,742.45,742.87,718.86,733.54,-1.200080814
08/28/2009,_CNDD,744.47,750.93,730.69,734.86,-1.29085121
08/31/2009,_CNDD,723.76,728.93,717.72,727.52,0.51950923
09/01/2009,_CNDD,734.28,751.44,725.69,725.69,-1.169853462
09/02/2009,_CNDD,726.27,737.24,724.34,732.51,0.859184601
09/03/2009,_CNDD,736.85,752.55,733.43,752.05,2.062835041
09/04/2009,_CNDD,753.18,769.38,752.38,768.88,2.084495074
09/08/2009,_CNDD,778.56,787.3,778.11,786.5,1.019831484
09/09/2009,_CNDD,787.48,788.73,771.61,779.72,-0.985421852
09/10/2009,_CNDD,780.4,790.26,780.24,790.02,1.232701179
09/11/2009,_CNDD,793.79,799.92,785.03,792.03,-0.22172111
09/14/2009,_CNDD,784.08,808.16,783.47,807.79,3.02392613
09/15/2009,_CNDD,811.84,826.61,809.34,824.32,1.537248719
09/16/2009,_CNDD,832.4,839.89,825.9,836.34,0.47333013
09/17/2009,_CNDD,837.97,837.97,815.54,823.54,-1.722018688
09/18/2009,_CNDD,828.08,834.61,822.33,831.09,0.36349145
09/21/2009,_CNDD,824.01,839.57,819.67,834.86,1.316731593
09/22/2009,_CNDD,843.46,845.69,834.87,842.68,-0.092476229
09/23/2009,_CNDD,844.47,868.56,843.85,848.44,0.470117352
09/24/2009,_CNDD,857.85,858.89,819.2,820.67,-4.334091042
09/25/2009,_CNDD,723.76,730.98,710.01,714.3,-1.307063115
09/28/2009,_CNDD,714.15,716.83,696.21,697.46,-2.337044038
09/29/2009,_CNDD,701.48,714.66,698.85,707.98,0.926612305
09/30/2009,_CNDD,718.46,722.33,707,708.13,-1.437797511
10/01/2009,_CNDD,712.08,716.1,695.36,697.71,-2.018031682
10/02/2009,_CNDD,686.26,693.44,682.96,684.75,-0.220033224
10/05/2009,_CNDD,694.84,705.54,688.81,689.96,-0.702319959
10/06/2009,_CNDD,695.96,706,691,704.99,1.297488361
10/07/2009,_CNDD,708.26,715.99,707.12,713.98,0.807613023
10/08/2009,_CNDD,721.93,729.89,716.98,727.33,0.747994958
10/09/2009,_CNDD,732.25,743.32,728.35,729.32,-0.400136565
10/12/2009,_CNDD,734,739.35,719.94,726.31,-1.047683924
10/13/2009,_CNDD,729.93,733.65,723.22,730.45,0.071239708
10/14/2009,_CNDD,739.08,740.39,731.48,736.01,-0.415381285
10/15/2009,_CNDD,730.69,732.11,726.65,729.13,-0.213496832
10/16/2009,_CNDD,723.48,723.63,714.05,716.3,-0.992425499
10/19/2009,_CNDD,719.71,725.61,713.44,720.6,0.123660919
10/20/2009,_CNDD,722.81,723.17,706.76,709.97,-1.776400437
10/21/2009,_CNDD,706.84,715,702.26,702.26,-0.647954275
10/22/2009,_CNDD,700.32,716.97,696.48,714.43,2.014793237
10/23/2009,_CNDD,717.37,719.83,696.37,698.64,-2.610926021
10/26/2009,_CNDD,702.11,710.24,687.21,692.25,-1.404338352
10/27/2009,_CNDD,691.2,695.43,673.28,676.38,-2.144097222
10/28/2009,_CNDD,668.37,670.96,641.39,643.34,-3.7449317
10/29/2009,_CNDD,651.75,663.29,648.28,658.35,1.012658228
10/30/2009,_CNDD,657.31,657.38,627.96,632.09,-3.836850192
11/02/2009,_CNDD,617.43,624.86,597.93,610.07,-1.192037964
11/03/2009,_CNDD,608.06,649.03,605.72,646.01,6.241160412
11/04/2009,_CNDD,652.97,654.82,629.83,629.83,-3.543807526
11/05/2009,_CNDD,642.65,646.81,629.73,634.3,-1.299307555
11/06/2009,_CNDD,628.96,640.5,624.3,639.25,1.636034088
11/09/2009,_CNDD,645.26,668.95,643.85,666.21,3.246753247
11/10/2009,_CNDD,665.94,690.58,665.82,682.35,2.464185963
11/11/2009,_CNDD,690.33,696.7,683.89,693.12,0.404154535
11/12/2009,_CNDD,692.87,694.37,673.24,675.31,-2.53438596
11/13/2009,_CNDD,676.62,678.04,666.36,676.86,0.035470427
11/16/2009,_CNDD,682.96,683.12,667.48,671.85,-1.626742415
11/17/2009,_CNDD,667.37,679.23,666.12,673.04,0.849603668
11/18/2009,_CNDD,669.09,669.63,655.92,659.81,-1.386958406
11/19/2009,_CNDD,654.94,655.75,639.97,649.69,-0.801600147
11/20/2009,_CNDD,640.37,656.76,639.95,654.45,2.19872886
11/23/2009,_CNDD,666.18,673.29,657.94,660.45,-0.860127893
11/24/2009,_CNDD,660.45,660.45,651.06,655.67,-0.723748959
11/25/2009,_CNDD,658.68,664.93,657.43,663.25,0.693811866
11/27/2009,_CNDD,638.96,651.29,635.03,646.75,1.219168649
11/30/2009,_CNDD,645.53,659.44,642.41,646.41,0.136322092
12/01/2009,_CNDD,655.43,672.58,654.2,667.11,1.78203622
12/02/2009,_CNDD,668.76,683.28,667.82,671.93,0.474011604
12/03/2009,_CNDD,670.15,670.15,657.62,658.68,-1.711557114
12/04/2009,_CNDD,669.77,673.05,653.28,659.73,-1.499022052
12/07/2009,_CNDD,660.69,676.64,658.5,671.38,1.618005419
12/08/2009,_CNDD,669.91,681.19,669.06,673.21,0.492603484
12/09/2009,_CNDD,678.34,703.68,674.74,697.87,2.879087183
12/10/2009,_CNDD,703.92,712.87,696.92,710,0.863734515
12/11/2009,_CNDD,713.19,715.92,690.63,694.03,-2.686521123
12/14/2009,_CNDD,696.55,702.79,691.44,692.6,-0.567080612
12/15/2009,_CNDD,687.78,700.15,686.16,697.67,1.437959813
12/16/2009,_CNDD,703.78,713.01,700.7,703.68,-0.014208986
12/17/2009,_CNDD,696.89,698.93,685.26,689.2,-1.103474006
12/18/2009,_CNDD,746.46,751,727.26,739.52,-0.929721619
12/21/2009,_CNDD,743.62,750.01,736.71,740.41,-0.431672091
12/22/2009,_CNDD,736.65,741.74,722.4,724.43,-1.65886106
12/23/2009,_CNDD,724.27,732.31,723.21,731.33,0.974774601
12/24/2009,_CNDD,733.02,734.56,723.4,726.32,-0.914026902
12/28/2009,_CNDD,730.9,735.84,723.67,735.67,0.652620057
12/29/2009,_CNDD,735.98,740.26,730.34,732.08,-0.529905704
12/30/2009,_CNDD,727.99,732.81,726.69,728.65,0.090660586
12/31/2009,_CNDD,729.83,734.78,729.31,730.08,0.034254552
01/04/2010,_CNDD,737.94,740.04,723.06,725.56,-1.677643169
01/05/2010,_CNDD,734.32,737.6,721.72,729.2,-0.697243708
01/06/2010,_CNDD,728.79,732.76,721.9,729.02,0.03155916
01/07/2010,_CNDD,730.71,735.11,723.41,727.03,-0.503619767
01/08/2010,_CNDD,725.87,732.02,724.56,730.43,0.628211663
01/11/2010,_CNDD,735.4,736.09,722.15,722.97,-1.690236606
01/12/2010,_CNDD,716.92,718.51,705.81,707.79,-1.27350332
01/13/2010,_CNDD,711.73,732.74,711.29,730.88,2.690627064
01/14/2010,_CNDD,732.99,744.97,732.95,738.35,0.73125145
01/15/2010,_CNDD,738.6,740.14,726.43,730.92,-1.039805037
01/19/2010,_CNDD,727.85,729.43,721.06,728.71,0.118156214
01/20/2010,_CNDD,717.66,720.39,707.41,712.25,-0.753838865
01/21/2010,_CNDD,715.34,723.43,701.72,702.21,-1.835490816
01/22/2010,_CNDD,701.4,705.57,681.61,684.74,-2.375249501
01/25/2010,_CNDD,686.86,692.53,679.96,681.9,-0.72212678
01/26/2010,_CNDD,675.23,692.59,669.82,682.69,1.104808732
01/27/2010,_CNDD,681.57,701.76,677.01,698.27,2.450225215
01/28/2010,_CNDD,700,706.11,687.45,700.9,0.128571429
01/29/2010,_CNDD,704.16,710.72,681.36,685.07,-2.711031584
02/01/2010,_CNDD,694.19,701.25,691.42,700.08,0.84847088
02/02/2010,_CNDD,704.6,718.07,700.76,716.13,1.636389441
02/03/2010,_CNDD,714.33,733.48,712.82,731.23,2.365853317
02/04/2010,_CNDD,732.63,737.8,710.21,711.88,-2.832261851
02/05/2010,_CNDD,714.82,727.48,703.11,727.45,1.766878375
02/08/2010,_CNDD,729.18,732.3,714.7,715.72,-1.845909103
02/09/2010,_CNDD,724.43,725.71,711.37,714.56,-1.362450478
02/10/2010,_CNDD,712.83,725.02,711.87,721.92,1.275198855
02/11/2010,_CNDD,721.84,742.33,718.88,740.41,2.572592264
02/12/2010,_CNDD,742.62,760.23,738.43,755.81,1.776143923
02/16/2010,_CNDD,754.87,754.87,743.65,750.18,-0.621299032
02/17/2010,_CNDD,747.4,750.74,742.02,750.52,0.41744715
02/18/2010,_CNDD,751.16,761.4,750.93,758.86,1.025081208
02/19/2010,_CNDD,756.91,761.14,751.96,756.26,-0.085875467
02/22/2010,_CNDD,759.32,759.32,741.2,745.88,-1.770004741
02/23/2010,_CNDD,745.05,746.52,727.29,731.13,-1.868330984
02/24/2010,_CNDD,734.95,748.07,734.24,745.94,1.495339819
02/25/2010,_CNDD,737.69,747.55,730.85,745.15,1.011264894
02/26/2010,_CNDD,747.69,755.16,740.79,753.86,0.825208308
03/01/2010,_CNDD,761,762.26,753.37,754.92,-0.798948752
03/02/2010,_CNDD,757.63,767.06,753.66,759.2,0.207225163
03/03/2010,_CNDD,763.81,766.07,758.61,760.59,-0.421570809
03/04/2010,_CNDD,760.85,761.66,754.58,756.61,-0.557271473
03/05/2010,_CNDD,759.54,764.33,756.5,757.62,-0.25278458
03/08/2010,_CNDD,769.14,789.56,766.77,786.29,2.229763112
03/09/2010,_CNDD,788.18,796.09,782.96,788.05,-0.016493694
03/10/2010,_CNDD,792.45,804.08,791.74,801.1,1.091551517
03/11/2010,_CNDD,803.68,814.34,797.88,810.58,0.858550667
03/12/2010,_CNDD,809.12,809.7,801.92,807.46,-0.205161163
03/15/2010,_CNDD,810.94,819.03,801.77,808.63,-0.284854613
03/16/2010,_CNDD,811.65,813.77,804.92,808.64,-0.370849504
03/17/2010,_CNDD,810.73,812.07,803.62,804.86,-0.724038829
03/18/2010,_CNDD,804.41,810.74,797.62,801.7,-0.336892878
03/19/2010,_CNDD,806.2,807,785.98,786.22,-2.478293227
03/22/2010,_CNDD,775.58,795.81,775.02,794.85,2.484592176
03/23/2010,_CNDD,797.86,810.85,796.45,809.1,1.408768456
03/24/2010,_CNDD,804.29,806.8,794.96,795.65,-1.074239391
03/25/2010,_CNDD,803.38,805.6,790.67,791.74,-1.448878488
03/26/2010,_CNDD,802.67,809.06,798.91,803.54,0.108388254
03/29/2010,_CNDD,809.46,820.09,808.39,813.45,0.492921207
03/30/2010,_CNDD,804.48,808.03,798.29,806.41,0.239906523
03/31/2010,_CNDD,808.51,810.83,797.66,799.84,-1.072342952
04/01/2010,_CNDD,769.68,782.74,761.78,764.48,-0.675605446
04/05/2010,_CNDD,764.83,770.84,758.06,761.83,-0.392244028
04/06/2010,_CNDD,762.92,784.38,762.4,780.58,2.314790542
04/07/2010,_CNDD,784.72,787.85,774.57,778.14,-0.838515649
04/08/2010,_CNDD,773.99,778.05,770.09,776.64,0.342381685
04/09/2010,_CNDD,779.35,782.32,774.92,779.92,0.073137871
04/12/2010,_CNDD,779.97,788.72,775.56,783.76,0.485916125
04/13/2010,_CNDD,784.68,799.48,781.24,797.52,1.636335831
04/14/2010,_CNDD,801.24,810.44,791.79,808.97,0.96475463
04/15/2010,_CNDD,808.06,818.54,807.07,808.81,0.09281489
04/16/2010,_CNDD,803.52,807.88,789.66,792.75,-1.340352449
04/19/2010,_CNDD,782.84,788.63,774.38,784.17,0.169894231
04/20/2010,_CNDD,790.31,799.93,787.58,797.86,0.95532133
04/21/2010,_CNDD,797.72,807.75,788.41,792.33,-0.675675676
04/22/2010,_CNDD,785.16,793.47,775.62,792.56,0.942483061
04/23/2010,_CNDD,792.61,793.47,784.32,790.07,-0.320460252
04/26/2010,_CNDD,787.35,804.04,773.1,803.08,1.997840859
04/27/2010,_CNDD,799.52,812.5,784.68,786.66,-1.608465079
04/28/2010,_CNDD,792.23,796.37,780.93,792.59,0.045441349
04/29/2010,_CNDD,787.24,799.13,784.31,797.62,1.318530562
04/30/2010,_CNDD,796.21,805.45,784.14,785.09,-1.396616471
05/03/2010,_CNDD,787.68,794.07,782.95,789.56,0.238675604
05/04/2010,_CNDD,780.05,780.05,759.94,763.44,-2.129350683
05/05/2010,_CNDD,750.41,765.87,746.26,754.93,0.602337389
05/06/2010,_CNDD,750.14,762.16,695.07,735.68,-1.927640174
05/07/2010,_CNDD,731.41,740.88,703.09,716.6,-2.0248561
05/10/2010,_CNDD,744.75,747.01,737.13,743.3,-0.194696207
05/11/2010,_CNDD,742.54,764.43,742.41,752.92,1.39790449
05/12/2010,_CNDD,758.91,768.78,756.58,763.12,0.554742987
05/13/2010,_CNDD,761.48,766.68,744.58,747.28,-1.86478962
05/14/2010,_CNDD,745.94,748.75,727.46,743.01,-0.392792986
05/17/2010,_CNDD,737.88,744.42,724.84,737.67,-0.028459912
05/18/2010,_CNDD,744.22,750.39,726.83,730.92,-1.787105963
05/19/2010,_CNDD,724.74,731.7,708.29,718.63,-0.84306096
05/20/2010,_CNDD,697.9,697.9,681.84,683.63,-2.044705545
05/21/2010,_CNDD,667.89,698.77,662.72,690.21,3.341867673
05/24/2010,_CNDD,693.04,696.91,672.11,672.81,-2.919023433
05/25/2010,_CNDD,650.41,669.56,649.71,669.13,2.87818453
05/26/2010,_CNDD,679.9,690.36,672.26,672.65,-1.066333284
05/27/2010,_CNDD,685.52,699.4,683.28,699.31,2.011611623
05/28/2010,_CNDD,702.77,702.77,685.03,690.77,-1.707528779
06/01/2010,_CNDD,686.4,695.62,673.64,673.79,-1.837121212
06/02/2010,_CNDD,680.57,699.04,674.53,698.86,2.687453164
06/03/2010,_CNDD,702.8,706.22,688.57,698.19,-0.655947638
06/04/2010,_CNDD,681.49,695.12,670.81,674.1,-1.084388619
06/07/2010,_CNDD,676.65,676.83,647.1,650.18,-3.911919013
06/08/2010,_CNDD,653.47,667.4,652.86,663.64,1.556307099
06/09/2010,_CNDD,668.75,673.41,654.94,657.43,-1.69271028
06/10/2010,_CNDD,665.12,675.39,658.16,674.87,1.46590089
06/11/2010,_CNDD,670.63,682.83,667.32,679.01,1.249571299
06/14/2010,_CNDD,685.75,694.57,676.42,677.19,-1.248268319
06/15/2010,_CNDD,685.25,708.8,684.96,708.16,3.343305363
06/16/2010,_CNDD,702.08,706.59,695,698.24,-0.546946217
06/17/2010,_CNDD,703.7,705.02,694.94,700.85,-0.405002132
06/18/2010,_CNDD,705.93,707.87,695.06,696.15,-1.385406485
06/21/2010,_CNDD,706.28,707.15,674.07,677.03,-4.141417002
06/22/2010,_CNDD,677.1,685.58,672.44,673.11,-0.589277802
06/23/2010,_CNDD,677.55,685.87,670.93,678.75,0.1771087
06/24/2010,_CNDD,675.63,680.15,665.3,667.44,-1.212201945
06/25/2010,_CNDD,643.06,643.2,624.78,627.27,-2.455447392
06/28/2010,_CNDD,629.64,634.1,622.83,629.79,0.023823137
06/29/2010,_CNDD,619.09,621.33,593.25,597.04,-3.561679239
06/30/2010,_CNDD,593.2,606.42,590.86,591.79,-0.237693864
07/01/2010,_CNDD,589.32,590.56,574.22,585.66,-0.621054775
07/02/2010,_CNDD,583.2,585.21,576.31,580.04,-0.541838134
07/06/2010,_CNDD,592.35,592.78,570.98,575.09,-2.913817844
07/07/2010,_CNDD,576.03,593.5,575.03,593.35,3.006787841
07/08/2010,_CNDD,600.14,600.14,583.1,591.37,-1.461325691
07/09/2010,_CNDD,597.16,624.22,594.03,622.57,4.255141001
07/12/2010,_CNDD,623.25,625.54,611.98,623.56,0.04973927
07/13/2010,_CNDD,631.79,645.6,631.33,642.34,1.669858656
07/14/2010,_CNDD,639.96,642.31,632.1,637.58,-0.371898244
07/15/2010,_CNDD,642.06,643.91,632.85,642.48,0.065414447
07/16/2010,_CNDD,637.61,638.01,612.27,614.22,-3.668386631
07/19/2010,_CNDD,615.53,625.36,610.08,624.78,1.502769971
07/20/2010,_CNDD,614.84,636.05,610.7,635.85,3.417149177
07/21/2010,_CNDD,633.32,636.05,618.17,621.61,-1.848986294
07/22/2010,_CNDD,628.67,639.26,626.81,633.31,0.738066076
07/23/2010,_CNDD,631.8,643.94,628.12,643.9,1.915163026
07/26/2010,_CNDD,645.1,646.36,636.19,645.08,-0.003100295
07/27/2010,_CNDD,645.91,646.32,623.35,626.05,-3.074731774
07/28/2010,_CNDD,631.7,641.8,631.66,639.37,1.214183948
07/29/2010,_CNDD,644.06,649.85,628.4,641.11,-0.45803186
07/30/2010,_CNDD,634.81,659.15,629.18,657.31,3.544367606
08/02/2010,_CNDD,654.13,659.54,648.79,655.83,0.259887178
08/03/2010,_CNDD,659.3,668.48,643.49,645.51,-2.091612316
08/04/2010,_CNDD,641.97,642.5,628.28,633.58,-1.306914653
08/05/2010,_CNDD,631.42,634.9,625.33,626.48,-0.782363561
08/06/2010,_CNDD,621.18,635.31,620.28,634.01,2.065423871
08/09/2010,_CNDD,639.6,651.7,632.61,647.38,1.216385241
08/10/2010,_CNDD,642.48,652.65,640.85,648.26,0.899638899
08/11/2010,_CNDD,637.62,643.19,633.73,641.32,0.580282927
08/12/2010,_CNDD,628.96,635.14,621.76,626.81,-0.341834139
08/13/2010,_CNDD,624.35,629.77,615.3,619.93,-0.707936254
08/16/2010,_CNDD,614.95,615.86,599.93,602.5,-2.024554842
08/17/2010,_CNDD,599.86,603.05,593.54,600.41,0.091688061
08/18/2010,_CNDD,601.46,611.73,600.56,604.16,0.448907658
08/19/2010,_CNDD,603.45,611.94,600.84,602.76,-0.11434253
08/20/2010,_CNDD,591.09,591.88,580.44,588.27,-0.477084708
08/23/2010,_CNDD,590.83,592.57,578.6,579.13,-1.980265051
08/24/2010,_CNDD,569.59,579.49,565.93,571.33,0.305482891
08/25/2010,_CNDD,571.59,581,570.14,578.92,1.282387725
08/26/2010,_CNDD,582.21,587.91,572.13,573.37,-1.518352484
08/27/2010,_CNDD,575.31,576.64,560.29,571.95,-0.584032956
08/30/2010,_CNDD,573.11,578.06,565.46,565.46,-1.334822285
08/31/2010,_CNDD,562.61,565.86,545.41,548.27,-2.548834895
09/01/2010,_CNDD,554.66,567.21,552.05,562.1,1.341362276
09/02/2010,_CNDD,566.01,568.15,561.26,566.2,0.033568312
09/03/2010,_CNDD,571.51,577.22,570.65,574.54,0.53017445
09/07/2010,_CNDD,572.12,572.72,567.56,570.39,-0.302384115
09/08/2010,_CNDD,571.34,578.81,571.34,572.76,0.248538523
09/09/2010,_CNDD,577.07,585.52,573.65,575.7,-0.237406207
09/10/2010,_CNDD,572.86,574.89,567.08,571.75,-0.19376462
09/13/2010,_CNDD,572.82,578.99,571.49,575.48,0.464369261
09/14/2010,_CNDD,575.63,589.43,574.89,584.89,1.608672237
09/15/2010,_CNDD,586.93,590.11,580.59,588.89,0.333941015
09/16/2010,_CNDD,591.22,598.11,588.06,596.26,0.852474544
09/17/2010,_CNDD,610.97,613.07,591.51,596.28,-2.404373373
09/20/2010,_CNDD,597.41,597.54,588.63,592.1,-0.888836812
09/21/2010,_CNDD,593.66,607.94,591.73,606.45,2.15443183
09/22/2010,_CNDD,611.44,619.09,604.94,608.76,-0.438309564
09/23/2010,_CNDD,599.35,611.56,598.35,603.32,0.66238425
09/24/2010,_CNDD,613.07,619.1,608.98,619.1,0.983574469
09/27/2010,_CNDD,617.22,619.15,613.75,615.5,-0.27866887
09/28/2010,_CNDD,612.02,612.17,595.95,607.33,-0.766314826
09/29/2010,_CNDD,608.56,621.89,608.25,618.98,1.712238727
09/30/2010,_CNDD,623.4,628.04,615.66,621.81,-0.255052936
10/01/2010,_CNDD,622.98,637.65,620.22,635.81,2.059456162
10/04/2010,_CNDD,635.67,638.38,621.3,623.46,-1.920807966
10/05/2010,_CNDD,630.84,636.68,627.08,632.3,0.231437448
10/06/2010,_CNDD,630.51,634.68,619.48,623.43,-1.122900509
10/07/2010,_CNDD,624.47,624.75,613.73,620.14,-0.693387993
10/08/2010,_CNDD,625.41,635.89,622.88,635.11,1.550982555
10/11/2010,_CNDD,635.37,635.37,629.17,631.5,-0.609093914
10/12/2010,_CNDD,631.17,633.98,628.11,633.09,0.304196968
10/13/2010,_CNDD,639.16,649.76,638.89,646.92,1.214093498
10/14/2010,_CNDD,645.95,648.05,637.45,640.89,-0.783342364
10/15/2010,_CNDD,643.54,643.61,632.52,638.86,-0.727227523
10/18/2010,_CNDD,636.57,638.82,633.08,638.24,0.262343497
10/19/2010,_CNDD,624.75,624.95,614.87,619.97,-0.765106042
10/20/2010,_CNDD,623.7,641.86,623.54,638.82,2.424242424
10/21/2010,_CNDD,639.91,645.08,628.67,633.32,-1.02983232
10/22/2010,_CNDD,635.12,638.43,632.62,635.58,0.072427258
10/25/2010,_CNDD,642.08,662.63,641.66,656.96,2.317468228
10/26/2010,_CNDD,654.64,689.98,654.64,676.77,3.38048393
10/27/2010,_CNDD,678.08,685.64,671.79,683.86,0.852406796
10/28/2010,_CNDD,680.43,688.8,669.83,688.31,1.158091207
10/29/2010,_CNDD,685.21,701.54,685.21,697.64,1.81404241
11/01/2010,_CNDD,705.35,706.5,690.14,692.36,-1.841638903
11/02/2010,_CNDD,696.5,696.5,690.95,695.52,-0.140703518
11/03/2010,_CNDD,696.48,700.81,684.6,700.52,0.580059729
11/04/2010,_CNDD,709.03,713.98,705.83,713.33,0.60646235
11/05/2010,_CNDD,706.04,706.93,697.18,702.8,-0.458897513
11/08/2010,_CNDD,697.83,712.47,697.69,712.32,2.076436955
11/09/2010,_CNDD,713.32,715.03,693.46,696.49,-2.359389895
11/10/2010,_CNDD,698.36,727.69,698.15,722.55,3.463829544
11/11/2010,_CNDD,716.69,731.92,710.32,727.77,1.545996177
11/12/2010,_CNDD,718.14,741.61,710.91,718.22,0.011139889
11/15/2010,_CNDD,724.2,728.07,711.04,711.89,-1.699806683
11/16/2010,_CNDD,704.55,710.39,689.12,693.63,-1.549925484
11/17/2010,_CNDD,695.67,700.83,689.87,693.85,-0.261618296
11/18/2010,_CNDD,702.45,716.86,699.37,709.51,1.00505374
11/19/2010,_CNDD,706.56,723.64,704.43,721.77,2.152683424
11/22/2010,_CNDD,722.94,732.46,718.08,731.96,1.247683072
11/23/2010,_CNDD,726.04,731.48,713.75,716.7,-1.2864305
11/24/2010,_CNDD,725.15,733.87,723.77,733.82,1.1956147
11/26/2010,_CNDD,726.84,734.4,723.56,729.45,0.359088658
11/29/2010,_CNDD,727.63,730.97,716.04,728.82,0.163544659
11/30/2010,_CNDD,731.59,755.35,730.91,746.52,2.040760535
12/01/2010,_CNDD,760.6,765.92,750.83,751.96,-1.135945306
12/02/2010,_CNDD,758.09,767.12,753.82,766.28,1.080346661
12/03/2010,_CNDD,761.95,772.63,761.65,770.85,1.168055647
12/06/2010,_CNDD,772.82,781.48,772.45,779.44,0.85660309
12/07/2010,_CNDD,784.42,784.66,766.06,767.1,-2.208000816
12/08/2010,_CNDD,765.68,765.68,753.83,759.77,-0.771862919
12/09/2010,_CNDD,764.51,764.58,754.09,760.28,-0.553295575
12/10/2010,_CNDD,761.62,770.6,761.55,770.6,1.179065676
12/13/2010,_CNDD,767.54,772.01,761.35,762.41,-0.668369075
12/14/2010,_CNDD,762.58,768.02,755.27,758.01,-0.599281387
12/15/2010,_CNDD,757.71,757.73,740.87,744.58,-1.732852938
12/16/2010,_CNDD,745.03,747.88,740.36,744.99,-0.005368911
12/17/2010,_CNDD,756.77,761.97,748.89,753.05,-0.491562826
12/20/2010,_CNDD,749.77,749.91,739.86,745.22,-0.606852768
12/21/2010,_CNDD,750.18,751.09,745.39,747.82,-0.314591165
12/22/2010,_CNDD,745.52,753.13,743.36,748.88,0.450692134
12/23/2010,_CNDD,746.88,755.46,745.11,750.67,0.507444302
12/27/2010,_CNDD,749.64,750.67,742.54,747.64,-0.266794728
12/28/2010,_CNDD,750.82,751.23,745.79,747.06,-0.500785808
12/29/2010,_CNDD,749.61,752.1,748.61,750.96,0.180093649
12/30/2010,_CNDD,750.12,752.36,747.93,751.23,0.147976324
12/31/2010,_CNDD,755.76,757.8,750.37,752.06,-0.48957341
01/03/2011,_CNDD,759.41,767.82,757.02,759.46,0.006584059
01/04/2011,_CNDD,762.94,763.54,745.8,755.14,-1.022360867
01/05/2011,_CNDD,751.42,774.98,747.86,773.67,2.961060392
01/06/2011,_CNDD,767.89,772.34,754.92,766.18,-0.222688145
01/07/2011,_CNDD,768.04,775.83,760.49,768.75,0.092443102
01/10/2011,_CNDD,765.29,772.47,754.32,771,0.746122385
01/11/2011,_CNDD,776.3,785.9,775.58,782,0.734252222
01/12/2011,_CNDD,788.92,789.92,784.04,789.75,0.105207119
01/13/2011,_CNDD,789.83,805.22,785.17,787.4,-0.307661142
01/14/2011,_CNDD,790.71,793.8,785.15,790.57,-0.017705606
01/18/2011,_CNDD,799.3,806.87,798.39,799.53,0.028775178
01/19/2011,_CNDD,800.32,801.32,779.58,780,-2.538984406
01/20/2011,_CNDD,774.22,775.93,759.87,766.36,-1.015215313
01/21/2011,_CNDD,770.88,773.64,755.94,758.1,-1.657845579
01/24/2011,_CNDD,757.92,767.55,753.35,765.6,1.013299557
01/25/2011,_CNDD,762.14,762.77,748.26,755.25,-0.90403338
01/26/2011,_CNDD,757.07,770.25,751.48,766.74,1.277292721
01/27/2011,_CNDD,767.97,770.37,757.84,765.08,-0.376316783
01/28/2011,_CNDD,765.08,765.08,747.27,749.37,-2.053380039
01/31/2011,_CNDD,749.55,752.77,736.44,742.28,-0.969915283
02/01/2011,_CNDD,748.67,762.54,744.52,761.2,1.673634579
02/02/2011,_CNDD,761.43,771.11,759.98,763.75,0.30468986
02/03/2011,_CNDD,772.6,782.47,771.86,780.77,1.057468289
02/04/2011,_CNDD,793.06,797.17,784.48,787,-0.764128817
02/07/2011,_CNDD,789.47,793.84,784.5,785.37,-0.519335757
02/08/2011,_CNDD,787.43,791.59,784.24,791.56,0.524491066
02/09/2011,_CNDD,789.15,793.49,783.82,787.02,-0.269910663
02/10/2011,_CNDD,783.17,817.25,781.86,813.07,3.817817332
02/11/2011,_CNDD,812.58,820.28,806.06,813.3,0.08860666
02/14/2011,_CNDD,815.51,821.41,807.72,809.87,-0.691591765
02/15/2011,_CNDD,815.21,815.73,800.73,808.31,-0.846407674
02/16/2011,_CNDD,821.78,831.1,815.92,828.07,0.765411667
02/17/2011,_CNDD,828.18,840.41,826.69,838.33,1.22557898
02/18/2011,_CNDD,841.35,846.13,836.64,842.63,0.152136447
02/22/2011,_CNDD,839.1,841.08,818.22,820.08,-2.266714337
02/23/2011,_CNDD,819.37,824.22,796.3,801.93,-2.128464552
02/24/2011,_CNDD,803.78,816.82,800.64,806.69,0.362039364
02/25/2011,_CNDD,815.29,817.47,810.09,815.96,0.082179347
02/28/2011,_CNDD,821.59,824.47,814.21,820.53,-0.129018123
03/01/2011,_CNDD,824.38,829.33,816.61,820.36,-0.487639196
03/02/2011,_CNDD,822.61,826.38,816.58,818.59,-0.488688443
03/03/2011,_CNDD,826.82,840.64,823.35,838.37,1.396918314
03/04/2011,_CNDD,834.98,837.07,825.28,830.25,-0.566480634
03/07/2011,_CNDD,832.5,833.99,810.63,813.74,-2.253453453
03/08/2011,_CNDD,814.61,816.59,801.19,813.32,-0.158357987
03/09/2011,_CNDD,813.48,813.65,803.49,808.79,-0.576535379
03/10/2011,_CNDD,796.34,796.34,772.31,781.8,-1.825853279
03/11/2011,_CNDD,773.36,791.23,771.33,788.68,1.980966174
03/14/2011,_CNDD,779.51,784.8,770.39,777.2,-0.296340008
03/15/2011,_CNDD,749.73,767.74,749.73,763.5,1.836661198
03/16/2011,_CNDD,761.86,769.38,747.45,751.52,-1.357204736
03/17/2011,_CNDD,762.06,767.89,756.39,762.62,0.073485027
03/18/2011,_CNDD,773.48,773.88,763.41,765.76,-0.99808657
03/21/2011,_CNDD,777.4,786.27,774.31,784.36,0.895291999
03/22/2011,_CNDD,790.48,791.17,781.02,785.93,-0.575599636
03/23/2011,_CNDD,787.2,790.92,778.84,789.04,0.233739837
03/24/2011,_CNDD,794.49,807.87,790.35,804.37,1.243565054
03/25/2011,_CNDD,757.75,769.26,754.87,755.83,-0.253381722
03/28/2011,_CNDD,758.81,763.43,747.81,748.87,-1.309945836
03/29/2011,_CNDD,750.11,761.54,746.22,760.77,1.421124902
03/30/2011,_CNDD,769.38,770.75,763.35,766.35,-0.393823598
03/31/2011,_CNDD,767.26,767.26,758.51,765.01,-0.29325131
04/01/2011,_CNDD,767.56,770.97,761.17,764.55,-0.392151754
04/04/2011,_CNDD,766.25,769.92,755.66,760.26,-0.781729201
04/05/2011,_CNDD,760.12,766.07,755.44,760.78,0.086828396
04/06/2011,_CNDD,767.62,769.7,761.34,767.58,-0.005210912
04/07/2011,_CNDD,767.83,771.96,761.39,763.27,-0.593881458
04/08/2011,_CNDD,769.36,769.98,763.27,767.06,-0.298949776
04/11/2011,_CNDD,767.4,767.53,754.34,757.54,-1.284857962
04/12/2011,_CNDD,754.21,754.29,740.12,745.86,-1.107118707
04/13/2011,_CNDD,752.14,760.41,752.05,758,0.779110272
04/14/2011,_CNDD,751.62,753.27,742.07,749.44,-0.29004018
04/15/2011,_CNDD,747.05,758.37,746.31,747.73,0.091024697
04/18/2011,_CNDD,750.48,756.54,738.88,754.05,0.475695555
04/19/2011,_CNDD,758.24,760.93,740.94,744.55,-1.80549694
04/20/2011,_CNDD,752.59,761.26,751.65,759.19,0.876971525
04/21/2011,_CNDD,756.73,762.03,752.12,755.99,-0.097789172
04/25/2011,_CNDD,757.74,757.86,749.05,751.32,-0.847256315
04/26/2011,_CNDD,750.35,763.08,748.55,760.63,1.370027321
04/27/2011,_CNDD,763.79,771.47,751.88,769.36,0.729258042
04/28/2011,_CNDD,769.99,783.35,769.9,772.26,0.294809023
04/29/2011,_CNDD,716.66,725.97,714.58,716.75,0.012558256
05/02/2011,_CNDD,715.81,716.02,704.33,706.13,-1.352314162
05/03/2011,_CNDD,702.28,706.34,696.07,700.14,-0.304721763
05/04/2011,_CNDD,700.72,702.18,686.76,691.69,-1.288674506
05/05/2011,_CNDD,684.93,698.75,683.94,686.26,0.194180427
05/06/2011,_CNDD,691.99,693.75,678.64,681.46,-1.52169829
05/09/2011,_CNDD,681.02,683.38,675.27,682.93,0.28046166
05/10/2011,_CNDD,683.91,689.87,676.78,687.3,0.495679256
05/11/2011,_CNDD,685.9,686.03,666.51,669.06,-2.455168392
05/12/2011,_CNDD,663.82,670.34,659.92,667.54,0.560392878
05/13/2011,_CNDD,667.25,671.2,660.16,660.51,-1.010116148
05/16/2011,_CNDD,655.94,661.94,653.17,653.72,-0.33844559
05/17/2011,_CNDD,651.64,662.71,651.56,658.76,1.092627831
05/18/2011,_CNDD,667.92,676.34,667.92,675.25,1.097436819
05/19/2011,_CNDD,677.93,678.56,665.13,667.68,-1.511955512
05/20/2011,_CNDD,665.55,667.8,657.58,663.52,-0.305010893
05/23/2011,_CNDD,655.68,661.39,652.46,656.92,0.189116642
05/24/2011,_CNDD,658.47,662.16,654.57,658.19,-0.042522818
05/25/2011,_CNDD,655.8,664.66,654.22,661.01,0.794449527
05/26/2011,_CNDD,657.96,669.37,657.17,667.28,1.416499483
05/27/2011,_CNDD,667.62,671.75,664.09,670.41,0.4179024
05/31/2011,_CNDD,676.48,676.97,666.03,669.81,-0.985986282
06/01/2011,_CNDD,666.13,666.6,646.51,646.81,-2.900334769
06/02/2011,_CNDD,646.66,654.31,640.87,644.91,-0.270621347
06/03/2011,_CNDD,635.44,642.13,628.3,630.21,-0.823051744
06/06/2011,_CNDD,628.03,632.49,618.42,620.43,-1.210133274
06/07/2011,_CNDD,621.9,622.68,613.37,613.57,-1.33944364
06/08/2011,_CNDD,608.55,610.24,593.72,595.62,-2.124722702
06/09/2011,_CNDD,593.39,608.28,591.66,606.25,2.16720875
06/10/2011,_CNDD,602.73,603.79,590.35,591.21,-1.911303569
06/13/2011,_CNDD,592.44,595.53,580.54,584.29,-1.375666734
06/14/2011,_CNDD,589.15,593.74,587.78,590.02,0.147670373
06/15/2011,_CNDD,588.29,591.9,576.8,578.8,-1.613149977
06/16/2011,_CNDD,579.75,582.64,566.13,573.94,-1.002156102
06/17/2011,_CNDD,537.19,539.39,520.06,520.72,-3.065954318
06/20/2011,_CNDD,516.29,516.69,510.26,511.15,-0.995564508
06/21/2011,_CNDD,516.45,540.3,514.43,539.99,4.558040469
06/22/2011,_CNDD,535.9,545.03,533.76,539.18,0.612054488
06/23/2011,_CNDD,532.06,546.45,528.88,546.02,2.623764237
06/24/2011,_CNDD,545.96,548.18,532.34,534.05,-2.181478497
06/27/2011,_CNDD,532.55,533.19,527.88,531.18,-0.25725284
06/28/2011,_CNDD,532.69,539.15,531.66,539.08,1.199571984
06/29/2011,_CNDD,540.98,550.73,540.83,548.98,1.478797737
06/30/2011,_CNDD,551.81,558,551.45,554.49,0.485674417
07/01/2011,_CNDD,551.88,560.9,551.88,560.03,1.476770312
07/05/2011,_CNDD,565.08,569.73,561.37,564.06,-0.180505415
07/06/2011,_CNDD,562.73,563.53,555.35,556.67,-1.076893004
07/07/2011,_CNDD,561.37,571.22,559.23,568.92,1.344924025
07/08/2011,_CNDD,564.5,567.78,559.21,566.62,0.375553587
07/11/2011,_CNDD,560.59,566.18,548.33,549.38,-1.99967891
07/12/2011,_CNDD,548.76,556.98,548.01,554.29,1.007726511
07/13/2011,_CNDD,559.28,565.12,555.8,561.01,0.309326277
07/14/2011,_CNDD,564.5,565.77,550.78,551.56,-2.292294066
07/15/2011,_CNDD,554.98,557.42,553.23,556.41,0.257666943
07/18/2011,_CNDD,554.64,556.2,544.51,547.23,-1.336001731
07/19/2011,_CNDD,550.83,552.34,547.79,550.2,-0.114372856
07/20/2011,_CNDD,548.39,553.48,540.59,552.27,0.707525666
07/21/2011,_CNDD,555.25,567.4,553.43,565.26,1.802791535
07/22/2011,_CNDD,565.05,568.48,561.62,567.54,0.440668967
07/25/2011,_CNDD,561.21,563.99,554.45,554.9,-1.124356302
07/26/2011,_CNDD,556.96,561.31,556.28,560.28,0.596093077
07/27/2011,_CNDD,556.51,557.01,537.09,537.55,-3.406946865
07/28/2011,_CNDD,538.3,542.16,534.24,534.53,-0.700352963
07/29/2011,_CNDD,530.66,533.16,525.54,530.26,-0.075377831
08/01/2011,_CNDD,536.14,538.08,522.53,528.46,-1.43246167
08/02/2011,_CNDD,528.8,532.2,514.57,514.78,-2.65128593
08/03/2011,_CNDD,520.36,527.35,506.35,523.46,0.59574141
08/04/2011,_CNDD,519.56,519.59,484.52,484.84,-6.682577566
08/05/2011,_CNDD,488.25,490.15,461.35,475.73,-2.564260113
08/08/2011,_CNDD,455.75,461.4,437.71,437.71,-3.958310477
08/09/2011,_CNDD,448.02,462.55,437.91,462.17,3.158341145
08/10/2011,_CNDD,455.88,463.7,449.34,451.14,-1.039747302
08/11/2011,_CNDD,447.31,475.19,444.54,469.51,4.963001051
08/12/2011,_CNDD,475.34,478.13,469.26,475.59,0.052593933
08/15/2011,_CNDD,488.49,506,484.9,504.46,3.269258327
08/16/2011,_CNDD,497.47,501.33,489.95,496.54,-0.186945946
08/17/2011,_CNDD,500.04,504.58,490.41,493.95,-1.217902568
08/18/2011,_CNDD,479.08,482.13,469.99,474.31,-0.995658345
08/19/2011,_CNDD,476.42,490.47,476.42,478.01,0.333739138
08/22/2011,_CNDD,490.25,491.35,480.86,481.53,-1.778684345
08/23/2011,_CNDD,482.54,493.83,480.88,493.82,2.337630041
08/24/2011,_CNDD,492.19,501.47,488.46,500.86,1.761514862
08/25/2011,_CNDD,503.96,509.45,493.51,494.86,-1.805698865
08/26/2011,_CNDD,494.03,507.65,488.19,506.69,2.562597413
08/29/2011,_CNDD,514.83,526.39,512.37,525.83,2.136627625
08/30/2011,_CNDD,524.21,543.87,522.57,541.09,3.220083554
08/31/2011,_CNDD,546.24,549.16,539.4,545.19,-0.192223199
09/01/2011,_CNDD,545.99,551.16,535.6,536.15,-1.80223081
09/02/2011,_CNDD,527.52,530.64,517.78,521.09,-1.218911131
09/06/2011,_CNDD,508.72,523.55,506.9,522.89,2.785422236
09/07/2011,_CNDD,528.83,539.56,524.53,539.33,1.985515194
09/08/2011,_CNDD,538.11,545.56,530.55,534.01,-0.761926
09/09/2011,_CNDD,523.96,528.87,508.78,513.23,-2.047866249
09/12/2011,_CNDD,504.7,514.78,498.95,511.77,1.400832178
09/13/2011,_CNDD,512.88,518.22,508.85,517.87,0.972937139
09/14/2011,_CNDD,518.22,523.41,506.19,518.13,-0.017367141
09/15/2011,_CNDD,523.5,523.86,515.06,518.77,-0.903533906
09/16/2011,_CNDD,475.58,487.23,474.01,483.86,1.741032003
09/19/2011,_CNDD,477.34,481.62,473.6,478.58,0.259772908
09/20/2011,_CNDD,480.44,480.87,470.36,470.65,-2.037715428
09/21/2011,_CNDD,468.9,470.12,453.73,453.84,-3.211772233
09/22/2011,_CNDD,433.45,440.3,425.86,433.05,-0.092282847
09/23/2011,_CNDD,429.39,439.17,427.84,429.86,0.109457603
09/26/2011,_CNDD,430.23,435.39,421.57,435.13,1.138925691
09/27/2011,_CNDD,446.17,459.72,444.93,448.34,0.486361701
09/28/2011,_CNDD,450.92,453.94,433.78,434.07,-3.736804755
09/29/2011,_CNDD,442.85,443.37,420.21,427.76,-3.407474314
09/30/2011,_CNDD,419.58,427.75,415.91,416.05,-0.841317508
10/03/2011,_CNDD,414.79,419.68,401.43,401.49,-3.206441814
10/04/2011,_CNDD,395.15,407.26,385.52,402.68,1.905605466
10/05/2011,_CNDD,408.17,433.15,404.42,430.34,5.431560379
10/06/2011,_CNDD,434.91,447.97,428.78,447.84,2.973028903
10/07/2011,_CNDD,450.51,451.72,431.65,435.37,-3.360635724
10/10/2011,_CNDD,443.79,448.32,437.47,444.15,0.081119448
10/11/2011,_CNDD,446.8,453.36,444.17,452.58,1.293643688
10/12/2011,_CNDD,454.24,460.6,451.46,453.67,-0.125484325
10/13/2011,_CNDD,448.47,450.9,441.79,450.39,0.428122282
10/14/2011,_CNDD,455.7,458.44,450.5,456.47,0.168970814
10/17/2011,_CNDD,453.83,454.05,436.17,437.13,-3.679791993
10/18/2011,_CNDD,437.26,449.01,427.89,447.53,2.34871701
10/19/2011,_CNDD,447.6,448.15,434.92,435.97,-2.598302055
10/20/2011,_CNDD,436.05,437.88,427.11,434.53,-0.348583878
10/21/2011,_CNDD,441.47,444.65,439.16,443.27,0.407728724
10/24/2011,_CNDD,434.75,447.86,433.07,446.11,2.612995975
10/25/2011,_CNDD,444.58,444.96,432.19,435.48,-2.046875703
10/26/2011,_CNDD,438.95,439.44,424.07,428.78,-2.316892585
10/27/2011,_CNDD,443.23,450.88,434.12,447.1,0.873135844
10/28/2011,_CNDD,443.7,451.95,442.03,450.24,1.473968898
10/31/2011,_CNDD,444.18,444.67,436.76,437.01,-1.614210455
11/01/2011,_CNDD,419.26,425.32,416.32,419.26,0
11/02/2011,_CNDD,426.13,426.38,416.28,420.57,-1.304766151
11/03/2011,_CNDD,425.26,427.9,415.02,427.58,0.545548606
11/04/2011,_CNDD,423.87,432.31,422.73,428.93,1.193762238
11/07/2011,_CNDD,427.97,431.99,423.35,428.46,0.114494007
11/08/2011,_CNDD,429.18,432.59,424.33,429.67,0.11417121
11/09/2011,_CNDD,417.36,420.96,408.58,408.82,-2.046195131
11/10/2011,_CNDD,408.59,408.86,396.14,399.84,-2.14151105
11/11/2011,_CNDD,403.28,415.31,403.14,412.55,2.298651061
11/14/2011,_CNDD,411.86,414.39,404.16,405.7,-1.495653863
11/15/2011,_CNDD,404.24,415.32,403.82,412.97,2.159608154
11/16/2011,_CNDD,414.87,416.87,409.43,410,-1.173861692
11/17/2011,_CNDD,413.58,413.58,400.69,402.51,-2.676628464
11/18/2011,_CNDD,405.49,406.46,399.39,399.53,-1.46982663
11/21/2011,_CNDD,390.3,391.17,382.96,390.04,-0.066615424
11/22/2011,_CNDD,389.35,390.93,385.03,386.77,-0.662642866
11/23/2011,_CNDD,383,383.31,374.11,374.2,-2.297650131
11/25/2011,_CNDD,372.63,376.68,371.38,371.69,-0.252260956
11/28/2011,_CNDD,383.6,385.78,381.03,383.24,-0.093847758
11/29/2011,_CNDD,387.96,393.46,386.96,388.41,0.115991339
11/30/2011,_CNDD,401.25,404.96,398.41,404.96,0.924610592
12/01/2011,_CNDD,404.31,412.55,402.24,410.01,1.409809305
12/02/2011,_CNDD,405.01,406.2,393.44,394.23,-2.661662675
12/05/2011,_CNDD,394.87,399.44,392.9,395.93,0.268442779
12/06/2011,_CNDD,396.9,398.28,392.49,394.34,-0.64499874
12/07/2011,_CNDD,393.18,393.18,388.86,391.49,-0.429828577
12/08/2011,_CNDD,389.47,391.19,382.34,383.15,-1.622718053
12/09/2011,_CNDD,384.34,390.19,384.22,388.81,1.163032731
12/12/2011,_CNDD,384.6,384.89,379.12,382.6,-0.520020801
12/13/2011,_CNDD,383.71,385.67,372.35,373.85,-2.569648954
12/14/2011,_CNDD,370.27,370.77,361.25,364.75,-1.490804008
12/15/2011,_CNDD,367.54,367.65,361.16,362.18,-1.45834467
12/16/2011,_CNDD,352.04,357.53,351.42,354.22,0.619247813
12/19/2011,_CNDD,354.13,355.44,345.86,346.59,-2.129161607
12/20/2011,_CNDD,352.1,356.53,351.57,354.7,0.738426583
12/21/2011,_CNDD,363.67,364.78,356.46,361.53,-0.588445569
12/22/2011,_CNDD,359.33,366.68,358.61,365.82,1.806139204
12/23/2011,_CNDD,365.89,368.3,364.75,366.59,0.191314329
12/27/2011,_CNDD,366.02,373.09,365.51,372.79,1.849625704
12/28/2011,_CNDD,372.01,373.06,361.64,362.28,-2.615521088
12/29/2011,_CNDD,361.5,366.8,361.33,366.55,1.396957123
12/30/2011,_CNDD,368.05,371.5,367.76,371.34,0.893900285
01/03/2012,_CNDD,379.8,387.95,379.48,384.29,1.182201159
01/04/2012,_CNDD,382.28,382.75,378.11,381.01,-0.332217223
01/05/2012,_CNDD,378.69,384.75,377.47,382.14,0.911035412
01/06/2012,_CNDD,383.46,384.45,381.25,381.47,-0.518958953
01/09/2012,_CNDD,382.74,383.96,379.14,382.69,-0.013063699
01/10/2012,_CNDD,388.75,390.74,387.34,388.62,-0.033440514
01/11/2012,_CNDD,388.28,392.43,384.36,392.18,1.004429793
01/12/2012,_CNDD,393.24,398.83,389.42,397.88,1.179941003
01/13/2012,_CNDD,394.44,397.12,391,392.83,-0.408173613
01/17/2012,_CNDD,398.74,408.86,397.26,403.42,1.173697146
01/18/2012,_CNDD,397.83,408.87,397.76,408.49,2.679536485
01/19/2012,_CNDD,410.79,414,409.94,410.82,0.007303002
01/20/2012,_CNDD,410.8,411,406.86,407.58,-0.783836417
01/23/2012,_CNDD,402.14,403.7,395.65,396.13,-1.494504401
01/24/2012,_CNDD,391.94,393.1,387.37,392.53,0.150533245
01/25/2012,_CNDD,392.76,406.73,391.07,406.49,3.4957735
01/26/2012,_CNDD,410.31,413.36,404.98,406.73,-0.872511028
01/27/2012,_CNDD,407.3,414.1,407.21,412.26,1.217775595
01/30/2012,_CNDD,409.5,414.28,406.46,413.07,0.871794872
01/31/2012,_CNDD,417.16,417.75,409.23,411.88,-1.26570141
02/01/2012,_CNDD,417.19,418.29,412.86,417.46,0.064718713
02/02/2012,_CNDD,424.77,429.75,423.1,428.47,0.871059632
02/03/2012,_CNDD,426.99,429.58,425.34,428.63,0.384083936
02/06/2012,_CNDD,426.31,426.7,423.09,424.61,-0.398770848
02/07/2012,_CNDD,424.45,427.7,421.91,424.88,0.101307575
02/08/2012,_CNDD,425.58,428.98,422.58,424.34,-0.291367076
02/09/2012,_CNDD,426.37,426.76,420.99,422.04,-1.015549875
02/10/2012,_CNDD,417.82,418.98,414.53,416.05,-0.423627399
02/13/2012,_CNDD,420.88,421.1,415.57,415.96,-1.168979282
02/14/2012,_CNDD,415.06,417.74,410.2,412.55,-0.604731846
02/15/2012,_CNDD,416.24,418.48,411.6,412.7,-0.850470882
02/16/2012,_CNDD,412.42,420.63,411.69,420.15,1.874302895
02/17/2012,_CNDD,421.15,421.17,415.95,416.81,-1.030511694
02/21/2012,_CNDD,419.7,423.34,417.29,418.85,-0.202525614
02/22/2012,_CNDD,419.72,421.4,417.3,418.52,-0.285904889
02/23/2012,_CNDD,420.96,424.92,418.2,423.33,0.56299886
02/24/2012,_CNDD,424.88,429.7,424.84,428.57,0.868480512
02/27/2012,_CNDD,427.83,429.05,422.67,425.93,-0.444101629
02/28/2012,_CNDD,427.83,428.93,424.81,427.6,-0.053759671
02/29/2012,_CNDD,429.04,432.4,420.38,421.37,-1.787712101
03/01/2012,_CNDD,421.29,422.37,418.31,421.16,-0.030857604
03/02/2012,_CNDD,420.74,422.18,417.15,419.68,-0.251937063
03/05/2012,_CNDD,419.61,419.61,411.28,413.43,-1.472796168
03/06/2012,_CNDD,406.59,406.59,400.72,402.8,-0.932142945
03/07/2012,_CNDD,402.98,408.19,402.06,406.89,0.970271477
03/08/2012,_CNDD,411.55,414.29,408.08,412.56,0.24541368
03/09/2012,_CNDD,416.21,418.79,414.73,416.62,0.098507965
03/12/2012,_CNDD,417.13,417.75,408.63,409.15,-1.913072663
03/13/2012,_CNDD,411.2,417.13,410.38,415.09,0.946011673
03/14/2012,_CNDD,414.04,414.28,409.03,410.57,-0.838083277
03/15/2012,_CNDD,412.12,415.98,411.06,414.34,0.538678055
03/16/2012,_CNDD,416.25,419.82,414.53,418.92,0.641441441
03/19/2012,_CNDD,417.8,423.89,417.8,421.14,0.799425562
03/20/2012,_CNDD,417.26,418.16,413.06,417.28,0.004793175
03/21/2012,_CNDD,417.67,418.43,413.14,414.87,-0.670385711
03/22/2012,_CNDD,411.13,415.54,409.07,410.75,-0.092428186
03/23/2012,_CNDD,410.89,412.29,408.01,410.87,-0.004867483
03/26/2012,_CNDD,415.94,418.43,413.61,418.22,0.548155984
03/27/2012,_CNDD,418.61,419.22,414.08,414.49,-0.984209646
03/28/2012,_CNDD,413.69,414.36,407.18,409.4,-1.037008388
03/29/2012,_CNDD,406.84,411.99,405.49,411.36,1.111001868
03/30/2012,_CNDD,414.77,421.72,412.31,420.57,1.398365359
04/02/2012,_CNDD,418.05,420.16,415.97,418.12,0.016744409
04/03/2012,_CNDD,418.4,420.11,409.89,411.49,-1.651529637
04/04/2012,_CNDD,406.87,408.46,399.71,402.67,-1.03227075
04/05/2012,_CNDD,402.46,404.5,399.78,400.75,-0.424886945
04/09/2012,_CNDD,398.81,401.83,395.83,398.78,-0.007522379
04/10/2012,_CNDD,399.36,401.57,392.9,393.92,-1.362179487
04/11/2012,_CNDD,396.52,400.76,395.7,399.22,0.680924039
04/12/2012,_CNDD,400.96,409.82,400.67,409.01,2.007681564
04/13/2012,_CNDD,407.45,407.54,402.67,403.18,-1.047981347
04/16/2012,_CNDD,404.32,404.55,395.7,401.54,-0.687574199
04/17/2012,_CNDD,405.07,409.1,402.27,406.62,0.382649912
04/18/2012,_CNDD,411.52,413.56,408.34,411.36,-0.038880249
04/19/2012,_CNDD,411.21,418.19,409.57,415.44,1.028671482
04/20/2012,_CNDD,417.04,420.16,411.39,411.55,-1.316420487
04/23/2012,_CNDD,406.23,406.23,399.37,403.29,-0.723727937
04/24/2012,_CNDD,404.25,404.61,401.06,402.09,-0.53432282
04/25/2012,_CNDD,404.89,410.21,404.63,409.62,1.168218528
04/26/2012,_CNDD,409.45,417.07,408.77,415.72,1.531322506
04/27/2012,_CNDD,417.83,419.01,414.33,418.27,0.105305986
04/30/2012,_CNDD,417.25,421.14,416.68,418.86,0.385859796
05/01/2012,_CNDD,419.05,419.42,412.13,412.41,-1.584536451
05/02/2012,_CNDD,408.43,410.05,406.08,409.05,0.151800798
05/03/2012,_CNDD,408.97,408.97,393.55,394.45,-3.550382669
05/04/2012,_CNDD,392.82,393.69,388.91,389.74,-0.784074131
05/07/2012,_CNDD,387.74,389.3,381.8,382.22,-1.423634394
05/08/2012,_CNDD,379.72,382.2,375.63,381.75,0.534604445
05/09/2012,_CNDD,376.18,380.82,375.06,379.32,0.834706789
05/10/2012,_CNDD,381.74,381.86,377.03,379.47,-0.59464557
05/11/2012,_CNDD,378.68,383.92,377.55,380.6,0.507024401
05/14/2012,_CNDD,375.98,377.01,373.66,374.2,-0.473429438
05/15/2012,_CNDD,374.6,374.6,364.15,365.04,-2.552055526
05/16/2012,_CNDD,367.37,370.71,361.02,361.37,-1.633230803
05/17/2012,_CNDD,363.04,365.67,360.94,361.22,-0.501322168
05/18/2012,_CNDD,361.24,363.06,354.63,355.84,-1.494851069
05/21/2012,_CNDD,356.52,366.6,355.22,366.37,2.762818355
05/22/2012,_CNDD,365.8,370.64,360.9,362.71,-0.844723893
05/23/2012,_CNDD,361.19,367.39,356.1,367.04,1.61964617
05/24/2012,_CNDD,367.53,368.31,358.98,361.87,-1.540010339
05/25/2012,_CNDD,361.88,365.87,360.93,365.49,0.997568255
05/29/2012,_CNDD,366.94,371.58,363.02,366.31,-0.171690195
05/30/2012,_CNDD,356.88,358,352.82,355.73,-0.322237167
05/31/2012,_CNDD,357.94,357.94,352.1,356.43,-0.421858412
06/01/2012,_CNDD,355.68,355.68,350.67,351.59,-1.149910031
06/04/2012,_CNDD,351.59,353.91,342.44,347.26,-1.23154811
06/05/2012,_CNDD,348.34,356.14,347.83,355.98,2.193259459
06/06/2012,_CNDD,360.23,368.34,360.01,368.08,2.179163312
06/07/2012,_CNDD,370.92,372.69,367.75,369.41,-0.40709587
06/08/2012,_CNDD,366.97,372.41,365.67,372.03,1.378859307
06/11/2012,_CNDD,376.15,376.43,361.92,362.11,-3.732553503
06/12/2012,_CNDD,363.02,368.78,360.64,368.67,1.556388078
06/13/2012,_CNDD,368.02,370.97,365.41,365.67,-0.638552253
06/14/2012,_CNDD,365.85,366.86,362.8,366.05,0.054667213
06/15/2012,_CNDD,365.96,371.31,365.8,370.95,1.363536999
06/18/2012,_CNDD,370.53,375.09,366.73,373.15,0.707095242
06/19/2012,_CNDD,374.98,383.3,374.92,379.7,1.258733799
06/20/2012,_CNDD,379.41,379.43,372.89,377.29,-0.558762289
06/21/2012,_CNDD,375.63,375.63,361.88,362.59,-3.471501211
06/22/2012,_CNDD,364.06,365.73,359.25,364.16,0.027468
06/25/2012,_CNDD,361.32,361.54,352.09,353.09,-2.277759327
06/26/2012,_CNDD,352.04,354.08,349.94,352.44,0.113623452
06/27/2012,_CNDD,354.25,361.59,354.25,359.76,1.55539873
06/28/2012,_CNDD,356.78,359.56,351.44,356.63,-0.042042715
06/29/2012,_CNDD,356.57,359.49,353.65,355.43,-0.319712819
07/02/2012,_CNDD,358.9,362.08,356.28,356.56,-0.651992198
07/03/2012,_CNDD,358.37,363.01,356.27,359.65,0.357172754
07/05/2012,_CNDD,363.49,363.76,359.05,359.32,-1.147211753
07/06/2012,_CNDD,356.34,357.04,353.43,356.89,0.154346972
07/09/2012,_CNDD,355.64,357.5,349.11,350.42,-1.467776403
07/10/2012,_CNDD,351.97,354.43,340.82,341.69,-2.920703469
07/11/2012,_CNDD,342.33,345.22,341.47,343.65,0.385592849
07/12/2012,_CNDD,341.15,343.17,338.17,341.4,0.073281548
07/13/2012,_CNDD,343.49,345.48,342.57,345.13,0.477452036
07/16/2012,_CNDD,343.85,344.59,339.91,341.99,-0.540933547
07/17/2012,_CNDD,343.07,343.88,337.36,340.28,-0.81324511
07/18/2012,_CNDD,339.67,343.27,339.02,342.59,0.859657903
07/19/2012,_CNDD,343.38,345.46,340.19,343.56,0.052420059
07/20/2012,_CNDD,341.57,341.76,338.44,339.67,-0.55625494
07/23/2012,_CNDD,333.75,333.87,327.14,331.6,-0.644194757
07/24/2012,_CNDD,332.65,334.69,327.58,329.25,-1.022095295
07/25/2012,_CNDD,331.01,332.87,329.06,330.08,-0.280958279
07/26/2012,_CNDD,333.2,334.4,331.56,333.17,-0.009003601
07/27/2012,_CNDD,334.13,339.66,332.57,338.3,1.248017239
07/30/2012,_CNDD,338.82,340.47,334.23,337.26,-0.460421463
07/31/2012,_CNDD,336.77,337.89,333.39,333.79,-0.884876919
08/01/2012,_CNDD,335.25,342.72,335.12,335.12,-0.038777032
08/02/2012,_CNDD,333.63,335.45,330.93,332.53,-0.329706561
08/03/2012,_CNDD,338.02,342.77,338.02,340.82,0.828353352
08/06/2012,_CNDD,342.29,346.5,341.92,344.99,0.788804815
08/07/2012,_CNDD,347.13,348.45,346.24,347.13,0
08/08/2012,_CNDD,345.4,351.07,345.4,347.51,0.610885929
08/09/2012,_CNDD,346.53,350.99,345.58,350.64,1.186044498
08/10/2012,_CNDD,352.07,354.71,350.64,353.67,0.45445508
08/13/2012,_CNDD,352.36,353.41,345.11,348.26,-1.1635827
08/14/2012,_CNDD,348.63,349.57,343.77,344.25,-1.25634627
08/15/2012,_CNDD,343.94,346.23,342.04,345.75,0.526254579
08/16/2012,_CNDD,346.67,350.7,345.06,349.27,0.749992789
08/17/2012,_CNDD,349.89,351.71,349.7,351.13,0.354397096
08/20/2012,_CNDD,351.16,353.01,346.43,349.72,-0.410069484
08/21/2012,_CNDD,351.33,354.29,347.9,348.5,-0.805510489
08/22/2012,_CNDD,348.32,349.11,345.74,348.6,0.080385852
08/23/2012,_CNDD,349.15,351.93,348.06,351.65,0.716024631
08/24/2012,_CNDD,350.9,352.34,348.29,351.66,0.216585922
08/27/2012,_CNDD,354.72,354.72,347.31,347.93,-1.914185837
08/28/2012,_CNDD,348.48,349.52,347.49,347.88,-0.172176309
08/29/2012,_CNDD,347.89,348.4,344.67,344.84,-0.876713904
08/30/2012,_CNDD,343.29,343.63,339.94,340.53,-0.803984969
08/31/2012,_CNDD,342.57,345.9,340.54,345.68,0.907843652