Date,Ticker,Open,High,Low,Returns
01/02/2009,IGHKG10D,,,,0.192732918
01/05/2009,IGHKG10D,,,,0.198141275
01/06/2009,IGHKG10D,,,,0.208103976
01/07/2009,IGHKG10D,,,,0.221481379
01/08/2009,IGHKG10D,,,,0.21329682
01/09/2009,IGHKG10D,,,,0.199883503
01/12/2009,IGHKG10D,,,,0.20067152
01/13/2009,IGHKG10D,,,,0.197147055
01/14/2009,IGHKG10D,,,,0.208510981
01/15/2009,IGHKG10D,,,,0.202862999
01/16/2009,IGHKG10D,,,,0.21889234
01/19/2009,IGHKG10D,,,,0.214641563
01/20/2009,IGHKG10D,,,,0.220404565
01/21/2009,IGHKG10D,,,,0.21924502
01/22/2009,IGHKG10D,,,,0.224408686
01/23/2009,IGHKG10D,,,,0.226089166
01/29/2009,IGHKG10D,,,,0.234352807
01/30/2009,IGHKG10D,,,,0.25892631
02/02/2009,IGHKG10D,,,,0.267203103
02/03/2009,IGHKG10D,,,,0.267096733
02/04/2009,IGHKG10D,,,,0.268594056
02/05/2009,IGHKG10D,,,,0.26738733
02/06/2009,IGHKG10D,,,,0.256410256
02/09/2009,IGHKG10D,,,,0.258921006
02/10/2009,IGHKG10D,,,,0.265637562
02/11/2009,IGHKG10D,,,,0.252187009
02/12/2009,IGHKG10D,,,,0.244685118
02/13/2009,IGHKG10D,,,,0.239551478
02/16/2009,IGHKG10D,,,,0.264796508
02/17/2009,IGHKG10D,,,,0.258837354
02/18/2009,IGHKG10D,,,,0.256977065
02/19/2009,IGHKG10D,,,,0.264312171
02/20/2009,IGHKG10D,,,,0.268054547
02/23/2009,IGHKG10D,,,,0.26018647
02/24/2009,IGHKG10D,,,,0.257857601
02/25/2009,IGHKG10D,,,,0.284811153
02/26/2009,IGHKG10D,,,,0.312409136
02/27/2009,IGHKG10D,,,,0.319534983
03/02/2009,IGHKG10D,,,,0.324299128
03/03/2009,IGHKG10D,,,,0.320649636
03/04/2009,IGHKG10D,,,,0.318075773
03/05/2009,IGHKG10D,,,,0.329043629
03/06/2009,IGHKG10D,,,,0.309863833
03/09/2009,IGHKG10D,,,,0.312400489
03/10/2009,IGHKG10D,,,,0.323956233
03/11/2009,IGHKG10D,,,,0.327988459
03/12/2009,IGHKG10D,,,,0.307806446
03/13/2009,IGHKG10D,,,,0.306934756
03/16/2009,IGHKG10D,,,,0.310658899
03/17/2009,IGHKG10D,,,,0.321152806
03/18/2009,IGHKG10D,,,,0.330156077
03/19/2009,IGHKG10D,,,,0.29816367
03/20/2009,IGHKG10D,,,,0.299423262
03/23/2009,IGHKG10D,,,,0.305988658
03/24/2009,IGHKG10D,,,,0.304920635
03/25/2009,IGHKG10D,,,,0.303970223
03/26/2009,IGHKG10D,,,,0.309774579
03/27/2009,IGHKG10D,,,,0.308977504
03/30/2009,IGHKG10D,,,,0.31483623
03/31/2009,IGHKG10D,,,,0.317349182
04/01/2009,IGHKG10D,,,,0.311692533
04/02/2009,IGHKG10D,,,,0.306717121
04/03/2009,IGHKG10D,,,,0.312653748
04/06/2009,IGHKG10D,,,,0.327488932
04/07/2009,IGHKG10D,,,,0.340736719
04/08/2009,IGHKG10D,,,,0.338688321
04/09/2009,IGHKG10D,,,,0.334455561
04/14/2009,IGHKG10D,,,,0.327987194
04/15/2009,IGHKG10D,,,,0.319129111
04/16/2009,IGHKG10D,,,,0.316270938
04/17/2009,IGHKG10D,,,,0.326184023
04/20/2009,IGHKG10D,,,,0.345373435
04/21/2009,IGHKG10D,,,,0.34171111
04/22/2009,IGHKG10D,,,,0.349533848
04/23/2009,IGHKG10D,,,,0.335259933
04/24/2009,IGHKG10D,,,,0.33124678
04/27/2009,IGHKG10D,,,,0.339477001
04/28/2009,IGHKG10D,,,,0.331269789
04/29/2009,IGHKG10D,,,,0.33271719
04/30/2009,IGHKG10D,,,,0.322779447
05/04/2009,IGHKG10D,,,,0.323469728
05/05/2009,IGHKG10D,,,,0.322512136
05/06/2009,IGHKG10D,,,,0.320284162
05/07/2009,IGHKG10D,,,,0.319736723
05/08/2009,IGHKG10D,,,,0.326280491
05/11/2009,IGHKG10D,,,,0.336460985
05/12/2009,IGHKG10D,,,,0.328402544
05/13/2009,IGHKG10D,,,,0.348514911
05/14/2009,IGHKG10D,,,,0.335735763
05/15/2009,IGHKG10D,,,,0.335497013
05/18/2009,IGHKG10D,,,,0.330956848
05/19/2009,IGHKG10D,,,,0.338788358
05/20/2009,IGHKG10D,,,,0.332110389
05/21/2009,IGHKG10D,,,,0.332718003
05/22/2009,IGHKG10D,,,,0.354815874
05/25/2009,IGHKG10D,,,,0.377624001
05/26/2009,IGHKG10D,,,,0.37385331
05/27/2009,IGHKG10D,,,,0.38710331
05/29/2009,IGHKG10D,,,,0.389449535
06/01/2009,IGHKG10D,,,,0.380406462
06/02/2009,IGHKG10D,,,,0.403476708
06/03/2009,IGHKG10D,,,,0.41215187
06/04/2009,IGHKG10D,,,,0.387147935
06/05/2009,IGHKG10D,,,,0.409530686
06/08/2009,IGHKG10D,,,,0.44276349
06/09/2009,IGHKG10D,,,,0.449609531
06/10/2009,IGHKG10D,,,,0.436487492
06/11/2009,IGHKG10D,,,,0.445396572
06/12/2009,IGHKG10D,,,,0.437425989
06/15/2009,IGHKG10D,,,,0.425373352
06/16/2009,IGHKG10D,,,,0.411901659
06/17/2009,IGHKG10D,,,,0.408446385
06/18/2009,IGHKG10D,,,,0.412646904
06/19/2009,IGHKG10D,,,,0.434565947
06/22/2009,IGHKG10D,,,,0.4363891
06/23/2009,IGHKG10D,,,,0.425478199
06/24/2009,IGHKG10D,,,,0.416337011
06/25/2009,IGHKG10D,,,,0.419541857
06/26/2009,IGHKG10D,,,,0.397042635
06/29/2009,IGHKG10D,,,,0.39375252
06/30/2009,IGHKG10D,,,,0.396176298
07/02/2009,IGHKG10D,,,,0.396029195
07/03/2009,IGHKG10D,,,,0.38787679
07/06/2009,IGHKG10D,,,,0.385496012
07/07/2009,IGHKG10D,,,,0.385946434
07/08/2009,IGHKG10D,,,,0.378154426
07/09/2009,IGHKG10D,,,,0.361779963
07/10/2009,IGHKG10D,,,,0.367093741
07/13/2009,IGHKG10D,,,,0.3522121
07/14/2009,IGHKG10D,,,,0.349104205
07/15/2009,IGHKG10D,,,,0.34175014
07/16/2009,IGHKG10D,,,,0.353599446
07/17/2009,IGHKG10D,,,,0.344000115
07/20/2009,IGHKG10D,,,,0.349674323
07/21/2009,IGHKG10D,,,,0.343068086
07/22/2009,IGHKG10D,,,,0.330418985
07/23/2009,IGHKG10D,,,,0.330608742
07/24/2009,IGHKG10D,,,,0.340223824
07/27/2009,IGHKG10D,,,,0.335105121
07/28/2009,IGHKG10D,,,,0.334049319
07/29/2009,IGHKG10D,,,,0.332558958
07/30/2009,IGHKG10D,,,,0.332452572
07/31/2009,IGHKG10D,,,,0.323603884
08/03/2009,IGHKG10D,,,,0.307525077
08/04/2009,IGHKG10D,,,,0.3262706
08/05/2009,IGHKG10D,,,,0.331151435
08/06/2009,IGHKG10D,,,,0.34855903
08/07/2009,IGHKG10D,,,,0.351685158
08/10/2009,IGHKG10D,,,,0.372617593
08/11/2009,IGHKG10D,,,,0.36755927
08/12/2009,IGHKG10D,,,,0.357147873
08/13/2009,IGHKG10D,,,,0.358134837
08/14/2009,IGHKG10D,,,,0.347975224
08/17/2009,IGHKG10D,,,,0.346153846
08/18/2009,IGHKG10D,,,,0.343852168
08/19/2009,IGHKG10D,,,,0.346221242
08/20/2009,IGHKG10D,,,,0.337001376
08/21/2009,IGHKG10D,,,,0.334035636
08/24/2009,IGHKG10D,,,,0.348168121
08/25/2009,IGHKG10D,,,,0.341674147
08/26/2009,IGHKG10D,,,,0.339038282
08/27/2009,IGHKG10D,,,,0.336205203
08/28/2009,IGHKG10D,,,,0.342184969
08/31/2009,IGHKG10D,,,,0.337542016
09/01/2009,IGHKG10D,,,,0.332274197
09/02/2009,IGHKG10D,,,,0.332667618
09/03/2009,IGHKG10D,,,,0.326669986
09/04/2009,IGHKG10D,,,,0.323871856
09/07/2009,IGHKG10D,,,,0.327246429
09/08/2009,IGHKG10D,,,,0.328757578
09/09/2009,IGHKG10D,,,,0.327951002
09/10/2009,IGHKG10D,,,,0.32692281
09/11/2009,IGHKG10D,,,,0.325898131
09/14/2009,IGHKG10D,,,,0.325782998
09/15/2009,IGHKG10D,,,,0.323518419
09/16/2009,IGHKG10D,,,,0.33065815
09/17/2009,IGHKG10D,,,,0.332329193
09/18/2009,IGHKG10D,,,,0.326025469
09/21/2009,IGHKG10D,,,,0.337499304
09/22/2009,IGHKG10D,,,,0.333379329
09/23/2009,IGHKG10D,,,,0.334041401
09/24/2009,IGHKG10D,,,,0.337350414
09/25/2009,IGHKG10D,,,,0.332816901
09/28/2009,IGHKG10D,,,,0.327418881
09/29/2009,IGHKG10D,,,,0.328998026
09/30/2009,IGHKG10D,,,,0.3250069
10/02/2009,IGHKG10D,,,,0.313200975
10/05/2009,IGHKG10D,,,,0.304688472
10/06/2009,IGHKG10D,,,,0.29938318
10/07/2009,IGHKG10D,,,,0.305679249
10/08/2009,IGHKG10D,,,,0.295902162
10/09/2009,IGHKG10D,,,,0.296820549
10/12/2009,IGHKG10D,,,,0.300244525
10/13/2009,IGHKG10D,,,,0.296539046
10/14/2009,IGHKG10D,,,,0.28983591
10/15/2009,IGHKG10D,,,,0.294934074
10/16/2009,IGHKG10D,,,,0.297309231
10/19/2009,IGHKG10D,,,,0.291872951
10/20/2009,IGHKG10D,,,,0.294611654
10/21/2009,IGHKG10D,,,,0.288610389
10/22/2009,IGHKG10D,,,,0.296721865
10/23/2009,IGHKG10D,,,,0.300928759
10/27/2009,IGHKG10D,,,,0.313272877
10/28/2009,IGHKG10D,,,,0.308434541
10/29/2009,IGHKG10D,,,,0.301410624
10/30/2009,IGHKG10D,,,,0.316065005
11/02/2009,IGHKG10D,,,,0.306478764
11/03/2009,IGHKG10D,,,,0.306329149
11/04/2009,IGHKG10D,,,,0.308193847
11/05/2009,IGHKG10D,,,,0.312422617
11/06/2009,IGHKG10D,,,,0.316212657
11/09/2009,IGHKG10D,,,,0.308361633
11/10/2009,IGHKG10D,,,,0.304877223
11/11/2009,IGHKG10D,,,,0.302318676
11/12/2009,IGHKG10D,,,,0.298096704
11/13/2009,IGHKG10D,,,,0.295354072
11/16/2009,IGHKG10D,,,,0.292968486
11/17/2009,IGHKG10D,,,,0.284054667
11/18/2009,IGHKG10D,,,,0.285099955
11/19/2009,IGHKG10D,,,,0.289373619
11/20/2009,IGHKG10D,,,,0.290141273
11/23/2009,IGHKG10D,,,,0.290977515
11/24/2009,IGHKG10D,,,,0.289977862
11/25/2009,IGHKG10D,,,,0.285078251
11/26/2009,IGHKG10D,,,,0.287070865
11/27/2009,IGHKG10D,,,,0.282880386
11/30/2009,IGHKG10D,,,,0.28387255
12/01/2009,IGHKG10D,,,,0.284803286
12/02/2009,IGHKG10D,,,,0.288058588
12/03/2009,IGHKG10D,,,,0.293977479
12/04/2009,IGHKG10D,,,,0.301797682
12/07/2009,IGHKG10D,,,,0.315597925
12/08/2009,IGHKG10D,,,,0.317390588
12/09/2009,IGHKG10D,,,,0.309084723
12/10/2009,IGHKG10D,,,,0.30946569
12/11/2009,IGHKG10D,,,,0.314249346
12/14/2009,IGHKG10D,,,,0.312931305
12/15/2009,IGHKG10D,,,,0.322205182
12/16/2009,IGHKG10D,,,,0.326811703
12/17/2009,IGHKG10D,,,,0.330824991
12/18/2009,IGHKG10D,,,,0.322962067
12/21/2009,IGHKG10D,,,,0.324348767
12/22/2009,IGHKG10D,,,,0.336991237
12/23/2009,IGHKG10D,,,,0.340829139
12/24/2009,IGHKG10D,,,,0.34364587
12/28/2009,IGHKG10D,,,,0.348463452
12/29/2009,IGHKG10D,,,,0.35666218
12/30/2009,IGHKG10D,,,,0.349120396
12/31/2009,IGHKG10D,,,,0.349756567
01/04/2010,IGHKG10D,,,,0.369982267
01/05/2010,IGHKG10D,,,,0.361977003
01/06/2010,IGHKG10D,,,,0.357998403
01/07/2010,IGHKG10D,,,,0.371423233
01/08/2010,IGHKG10D,,,,0.382510031
01/11/2010,IGHKG10D,,,,0.396026402
01/12/2010,IGHKG10D,,,,0.387085529
01/13/2010,IGHKG10D,,,,0.372078803
01/14/2010,IGHKG10D,,,,0.377000092
01/15/2010,IGHKG10D,,,,0.371769885
01/18/2010,IGHKG10D,,,,0.362602486
01/19/2010,IGHKG10D,,,,0.369160492
01/20/2010,IGHKG10D,,,,0.379117548
01/21/2010,IGHKG10D,,,,0.386891462
01/22/2010,IGHKG10D,,,,0.37959684
01/25/2010,IGHKG10D,,,,0.381340345
01/26/2010,IGHKG10D,,,,0.384110668
01/27/2010,IGHKG10D,,,,0.385299754
01/28/2010,IGHKG10D,,,,0.390368529
01/29/2010,IGHKG10D,,,,0.388135406
02/01/2010,IGHKG10D,,,,0.385214966
02/02/2010,IGHKG10D,,,,0.391585143
02/03/2010,IGHKG10D,,,,0.389635264
02/04/2010,IGHKG10D,,,,0.400640804
02/05/2010,IGHKG10D,,,,0.391005364
02/08/2010,IGHKG10D,,,,0.392127009
02/09/2010,IGHKG10D,,,,0.387110073
02/10/2010,IGHKG10D,,,,0.393037005
02/11/2010,IGHKG10D,,,,0.391586242
02/12/2010,IGHKG10D,,,,0.391408502
02/17/2010,IGHKG10D,,,,0.387221032
02/18/2010,IGHKG10D,,,,0.389084176
02/19/2010,IGHKG10D,,,,0.395811574
02/22/2010,IGHKG10D,,,,0.39415156
02/23/2010,IGHKG10D,,,,0.397295128
02/24/2010,IGHKG10D,,,,0.374213879
02/25/2010,IGHKG10D,,,,0.377281171
02/26/2010,IGHKG10D,,,,0.366040551
03/01/2010,IGHKG10D,,,,0.361285645
03/02/2010,IGHKG10D,,,,0.356074766
03/03/2010,IGHKG10D,,,,0.35474567
03/04/2010,IGHKG10D,,,,0.356502212
03/05/2010,IGHKG10D,,,,0.355264556
03/08/2010,IGHKG10D,,,,0.359547286
03/09/2010,IGHKG10D,,,,0.359321047
03/10/2010,IGHKG10D,,,,0.361582818
03/11/2010,IGHKG10D,,,,0.360995577
03/12/2010,IGHKG10D,,,,0.359258627
03/15/2010,IGHKG10D,,,,0.356739433
03/16/2010,IGHKG10D,,,,0.354152242
03/17/2010,IGHKG10D,,,,0.348722219
03/18/2010,IGHKG10D,,,,0.346175978
03/19/2010,IGHKG10D,,,,0.349701698
03/22/2010,IGHKG10D,,,,0.351973123
03/23/2010,IGHKG10D,,,,0.3484535
03/24/2010,IGHKG10D,,,,0.353106038
03/25/2010,IGHKG10D,,,,0.358953372
03/26/2010,IGHKG10D,,,,0.358527773
03/29/2010,IGHKG10D,,,,0.360182591
03/30/2010,IGHKG10D,,,,0.362685449
03/31/2010,IGHKG10D,,,,0.364325879
04/01/2010,IGHKG10D,,,,0.361702404
04/07/2010,IGHKG10D,,,,0.371282317
04/08/2010,IGHKG10D,,,,0.364820174
04/09/2010,IGHKG10D,,,,0.366639077
04/12/2010,IGHKG10D,,,,0.369690308
04/13/2010,IGHKG10D,,,,0.364523499
04/14/2010,IGHKG10D,,,,0.362807704
04/15/2010,IGHKG10D,,,,0.367285266
04/16/2010,IGHKG10D,,,,0.373781784
04/19/2010,IGHKG10D,,,,0.369271392
04/20/2010,IGHKG10D,,,,0.367593152
04/21/2010,IGHKG10D,,,,0.369421009
04/22/2010,IGHKG10D,,,,0.365122546
04/23/2010,IGHKG10D,,,,0.368762719
04/26/2010,IGHKG10D,,,,0.373952289
04/27/2010,IGHKG10D,,,,0.382543739
04/28/2010,IGHKG10D,,,,0.371530712
04/29/2010,IGHKG10D,,,,0.374972467
04/30/2010,IGHKG10D,,,,0.377259559
05/03/2010,IGHKG10D,,,,0.37311975
05/04/2010,IGHKG10D,,,,0.386488734
05/05/2010,IGHKG10D,,,,0.379565339
05/06/2010,IGHKG10D,,,,0.381657724
05/07/2010,IGHKG10D,,,,0.35778415
05/10/2010,IGHKG10D,,,,0.36148382
05/11/2010,IGHKG10D,,,,0.359282224
05/12/2010,IGHKG10D,,,,0.356899534
05/13/2010,IGHKG10D,,,,0.355521738
05/14/2010,IGHKG10D,,,,0.354416576
05/17/2010,IGHKG10D,,,,0.33953433
05/18/2010,IGHKG10D,,,,0.343755836
05/19/2010,IGHKG10D,,,,0.338402227
05/20/2010,IGHKG10D,,,,0.353428642
05/24/2010,IGHKG10D,,,,0.336157383
05/25/2010,IGHKG10D,,,,0.338415717
05/26/2010,IGHKG10D,,,,0.330996295
05/27/2010,IGHKG10D,,,,0.325868871
05/28/2010,IGHKG10D,,,,0.345046972
05/31/2010,IGHKG10D,,,,0.336648814
06/01/2010,IGHKG10D,,,,0.334720095
06/02/2010,IGHKG10D,,,,0.324985331
06/03/2010,IGHKG10D,,,,0.329941783
06/04/2010,IGHKG10D,,,,0.338691864
06/07/2010,IGHKG10D,,,,0.319057787
06/08/2010,IGHKG10D,,,,0.309185619
06/09/2010,IGHKG10D,,,,0.310114887
06/10/2010,IGHKG10D,,,,0.31128868
06/11/2010,IGHKG10D,,,,0.324197462
06/14/2010,IGHKG10D,,,,0.319557107
06/15/2010,IGHKG10D,,,,0.319509015
06/17/2010,IGHKG10D,,,,0.321617731
06/18/2010,IGHKG10D,,,,0.320517871
06/21/2010,IGHKG10D,,,,0.334067499
06/22/2010,IGHKG10D,,,,0.332287488
06/23/2010,IGHKG10D,,,,0.33255332
06/24/2010,IGHKG10D,,,,0.329432919
06/25/2010,IGHKG10D,,,,0.327224782
06/28/2010,IGHKG10D,,,,0.324693478
06/29/2010,IGHKG10D,,,,0.321339026
06/30/2010,IGHKG10D,,,,0.312534179
07/02/2010,IGHKG10D,,,,0.312372174
07/05/2010,IGHKG10D,,,,0.320717621
07/06/2010,IGHKG10D,,,,0.315376286
07/07/2010,IGHKG10D,,,,0.311823184
07/08/2010,IGHKG10D,,,,0.313036021
07/09/2010,IGHKG10D,,,,0.319287692
07/12/2010,IGHKG10D,,,,0.320854188
07/13/2010,IGHKG10D,,,,0.318592991
07/14/2010,IGHKG10D,,,,0.31812446
07/15/2010,IGHKG10D,,,,0.313640557
07/16/2010,IGHKG10D,,,,0.314192407
07/19/2010,IGHKG10D,,,,0.306566966
07/20/2010,IGHKG10D,,,,0.305818601
07/21/2010,IGHKG10D,,,,0.307385068
07/22/2010,IGHKG10D,,,,0.29630816
07/23/2010,IGHKG10D,,,,0.297151244
07/26/2010,IGHKG10D,,,,0.301802041
07/27/2010,IGHKG10D,,,,0.303163679
07/28/2010,IGHKG10D,,,,0.304513541
07/29/2010,IGHKG10D,,,,0.298688651
07/30/2010,IGHKG10D,,,,0.295861127
08/02/2010,IGHKG10D,,,,0.293687112
08/03/2010,IGHKG10D,,,,0.294618237
08/04/2010,IGHKG10D,,,,0.290847102
08/05/2010,IGHKG10D,,,,0.29682729
08/06/2010,IGHKG10D,,,,0.296469903
08/09/2010,IGHKG10D,,,,0.291143931
08/10/2010,IGHKG10D,,,,0.291071334
08/11/2010,IGHKG10D,,,,0.283553111
08/12/2010,IGHKG10D,,,,0.274172985
08/13/2010,IGHKG10D,,,,0.277427491
08/16/2010,IGHKG10D,,,,0.267112526
08/17/2010,IGHKG10D,,,,0.260559918
08/18/2010,IGHKG10D,,,,0.262868645
08/19/2010,IGHKG10D,,,,0.27007485
08/20/2010,IGHKG10D,,,,0.261909255
08/23/2010,IGHKG10D,,,,0.26719935
08/24/2010,IGHKG10D,,,,0.268204463
08/25/2010,IGHKG10D,,,,0.260069515
08/26/2010,IGHKG10D,,,,0.262047947
08/27/2010,IGHKG10D,,,,0.258188356
08/30/2010,IGHKG10D,,,,0.275592162
08/31/2010,IGHKG10D,,,,0.266989627
09/01/2010,IGHKG10D,,,,0.259327829
09/02/2010,IGHKG10D,,,,0.262926069
09/03/2010,IGHKG10D,,,,0.259948652
09/06/2010,IGHKG10D,,,,0.266127741
09/07/2010,IGHKG10D,,,,0.267147235
09/08/2010,IGHKG10D,,,,0.25582854
09/09/2010,IGHKG10D,,,,0.259833611
09/10/2010,IGHKG10D,,,,0.266939081
09/13/2010,IGHKG10D,,,,0.272777807
09/14/2010,IGHKG10D,,,,0.266996717
09/15/2010,IGHKG10D,,,,0.26291452
09/16/2010,IGHKG10D,,,,0.264653782
09/17/2010,IGHKG10D,,,,0.276354149
09/20/2010,IGHKG10D,,,,0.277873434
09/21/2010,IGHKG10D,,,,0.28420593
09/22/2010,IGHKG10D,,,,0.273015789
09/24/2010,IGHKG10D,,,,0.272490721
09/27/2010,IGHKG10D,,,,0.279182092
09/28/2010,IGHKG10D,,,,0.276814771
09/29/2010,IGHKG10D,,,,0.263791841
09/30/2010,IGHKG10D,,,,0.264002759
10/04/2010,IGHKG10D,,,,0.266782774
10/05/2010,IGHKG10D,,,,0.263078596
10/06/2010,IGHKG10D,,,,0.262883235
10/07/2010,IGHKG10D,,,,0.265761982
10/08/2010,IGHKG10D,,,,0.262859526
10/11/2010,IGHKG10D,,,,0.265782903
10/12/2010,IGHKG10D,,,,0.265067146
10/13/2010,IGHKG10D,,,,0.264928076
10/14/2010,IGHKG10D,,,,0.262588857
10/15/2010,IGHKG10D,,,,0.270217476
10/18/2010,IGHKG10D,,,,0.275102983
10/19/2010,IGHKG10D,,,,0.277530049
10/20/2010,IGHKG10D,,,,0.272593256
10/21/2010,IGHKG10D,,,,0.274092202
10/22/2010,IGHKG10D,,,,0.276099174
10/25/2010,IGHKG10D,,,,0.275583825
10/26/2010,IGHKG10D,,,,0.279193178
10/27/2010,IGHKG10D,,,,0.285278919
10/28/2010,IGHKG10D,,,,0.289927584
10/29/2010,IGHKG10D,,,,0.282269727
11/01/2010,IGHKG10D,,,,0.279769786
11/02/2010,IGHKG10D,,,,0.277463267
11/03/2010,IGHKG10D,,,,0.27666805
11/04/2010,IGHKG10D,,,,0.273256566
11/05/2010,IGHKG10D,,,,0.272032432
11/08/2010,IGHKG10D,,,,0.275562001
11/09/2010,IGHKG10D,,,,0.279485746
11/10/2010,IGHKG10D,,,,0.28866006
11/11/2010,IGHKG10D,,,,0.288721727
11/12/2010,IGHKG10D,,,,0.291295006
11/15/2010,IGHKG10D,,,,0.298756268
11/16/2010,IGHKG10D,,,,0.317309845
11/17/2010,IGHKG10D,,,,0.315867412
11/18/2010,IGHKG10D,,,,0.319265137
11/19/2010,IGHKG10D,,,,0.317914523
11/22/2010,IGHKG10D,,,,0.318771672
11/23/2010,IGHKG10D,,,,0.31236391
11/24/2010,IGHKG10D,,,,0.308291945
11/25/2010,IGHKG10D,,,,0.319490897
11/26/2010,IGHKG10D,,,,0.326888448
11/29/2010,IGHKG10D,,,,0.327507768
11/30/2010,IGHKG10D,,,,0.328105163
12/01/2010,IGHKG10D,,,,0.32658513
12/02/2010,IGHKG10D,,,,0.338617087
12/03/2010,IGHKG10D,,,,0.343243803
12/06/2010,IGHKG10D,,,,0.348409491
12/07/2010,IGHKG10D,,,,0.34817761
12/08/2010,IGHKG10D,,,,0.365961659
12/09/2010,IGHKG10D,,,,0.366345129
12/10/2010,IGHKG10D,,,,0.360307684
12/13/2010,IGHKG10D,,,,0.369237152
12/14/2010,IGHKG10D,,,,0.366349716
12/15/2010,IGHKG10D,,,,0.379455928
12/16/2010,IGHKG10D,,,,0.384530759
12/17/2010,IGHKG10D,,,,0.383112315
12/20/2010,IGHKG10D,,,,0.377679483
12/21/2010,IGHKG10D,,,,0.378247497
12/22/2010,IGHKG10D,,,,0.3744591
12/23/2010,IGHKG10D,,,,0.374605729
12/24/2010,IGHKG10D,,,,0.376737618
12/28/2010,IGHKG10D,,,,0.370365602
12/29/2010,IGHKG10D,,,,0.375638173
12/30/2010,IGHKG10D,,,,0.365632593
12/31/2010,IGHKG10D,,,,0.366605052
01/03/2011,IGHKG10D,,,,0.360750914
01/04/2011,IGHKG10D,,,,0.355719538
01/05/2011,IGHKG10D,,,,0.352034074
01/06/2011,IGHKG10D,,,,0.360991379
01/07/2011,IGHKG10D,,,,0.356038734
01/10/2011,IGHKG10D,,,,0.350523102
01/11/2011,IGHKG10D,,,,0.349942653
01/12/2011,IGHKG10D,,,,0.350739266
01/13/2011,IGHKG10D,,,,0.352721119
01/14/2011,IGHKG10D,,,,0.346645612
01/17/2011,IGHKG10D,,,,0.347937653
01/18/2011,IGHKG10D,,,,0.348328508
01/19/2011,IGHKG10D,,,,0.355240242
01/20/2011,IGHKG10D,,,,0.355132758
01/21/2011,IGHKG10D,,,,0.359522169
01/24/2011,IGHKG10D,,,,0.362924815
01/25/2011,IGHKG10D,,,,0.363452608
01/26/2011,IGHKG10D,,,,0.359041873
01/27/2011,IGHKG10D,,,,0.361162868
01/28/2011,IGHKG10D,,,,0.362345862
01/31/2011,IGHKG10D,,,,0.356459545
02/01/2011,IGHKG10D,,,,0.355521071
02/02/2011,IGHKG10D,,,,0.361448841
02/07/2011,IGHKG10D,,,,0.381285805
02/08/2011,IGHKG10D,,,,0.384256239
02/09/2011,IGHKG10D,,,,0.394288123
02/10/2011,IGHKG10D,,,,0.389821193
02/11/2011,IGHKG10D,,,,0.388785331
02/14/2011,IGHKG10D,,,,0.382741735
02/15/2011,IGHKG10D,,,,0.384454128
02/16/2011,IGHKG10D,,,,0.373317478
02/17/2011,IGHKG10D,,,,0.36944318
02/18/2011,IGHKG10D,,,,0.363470459
02/21/2011,IGHKG10D,,,,0.361473174
02/22/2011,IGHKG10D,,,,0.359901418
02/23/2011,IGHKG10D,,,,0.354934941
02/24/2011,IGHKG10D,,,,0.355575177
02/25/2011,IGHKG10D,,,,0.352365416
02/28/2011,IGHKG10D,,,,0.347711048
03/01/2011,IGHKG10D,,,,0.348330914
03/02/2011,IGHKG10D,,,,0.341666875
03/03/2011,IGHKG10D,,,,0.346881438
03/04/2011,IGHKG10D,,,,0.355082778
03/07/2011,IGHKG10D,,,,0.348696293
03/08/2011,IGHKG10D,,,,0.34744653
03/09/2011,IGHKG10D,,,,0.347385584
03/10/2011,IGHKG10D,,,,0.340148839
03/11/2011,IGHKG10D,,,,0.330171015
03/14/2011,IGHKG10D,,,,0.332933263
03/15/2011,IGHKG10D,,,,0.324609711
03/16/2011,IGHKG10D,,,,0.329501429
03/17/2011,IGHKG10D,,,,0.32229536
03/18/2011,IGHKG10D,,,,0.329664782
03/21/2011,IGHKG10D,,,,0.330681191
03/22/2011,IGHKG10D,,,,0.333337529
03/23/2011,IGHKG10D,,,,0.330607668
03/24/2011,IGHKG10D,,,,0.330409723
03/25/2011,IGHKG10D,,,,0.336845285
03/28/2011,IGHKG10D,,,,0.342324042
03/29/2011,IGHKG10D,,,,0.339824647
03/30/2011,IGHKG10D,,,,0.341848328
03/31/2011,IGHKG10D,,,,0.334335508
04/01/2011,IGHKG10D,,,,0.337773372
04/04/2011,IGHKG10D,,,,0.334647873
04/06/2011,IGHKG10D,,,,0.336913399
04/07/2011,IGHKG10D,,,,0.342486887
04/08/2011,IGHKG10D,,,,0.343440556
04/11/2011,IGHKG10D,,,,0.346521852
04/12/2011,IGHKG10D,,,,0.346917528
04/13/2011,IGHKG10D,,,,0.339308262
04/14/2011,IGHKG10D,,,,0.336949538
04/15/2011,IGHKG10D,,,,0.338195877
04/18/2011,IGHKG10D,,,,0.333750884
04/19/2011,IGHKG10D,,,,0.325595121
04/20/2011,IGHKG10D,,,,0.322106012
04/21/2011,IGHKG10D,,,,0.327512793
04/26/2011,IGHKG10D,,,,0.324504366
04/27/2011,IGHKG10D,,,,0.317541864
04/28/2011,IGHKG10D,,,,0.315357777
04/29/2011,IGHKG10D,,,,0.311538228
05/03/2011,IGHKG10D,,,,0.313815491
05/04/2011,IGHKG10D,,,,0.314809104
05/05/2011,IGHKG10D,,,,0.314250156
05/06/2011,IGHKG10D,,,,0.307263612
05/09/2011,IGHKG10D,,,,0.306095915
05/11/2011,IGHKG10D,,,,0.309321719
05/12/2011,IGHKG10D,,,,0.303086603
05/13/2011,IGHKG10D,,,,0.307596435
05/16/2011,IGHKG10D,,,,0.304861991
05/17/2011,IGHKG10D,,,,0.303761995
05/18/2011,IGHKG10D,,,,0.30027218
05/19/2011,IGHKG10D,,,,0.304248777
05/20/2011,IGHKG10D,,,,0.305513784
05/23/2011,IGHKG10D,,,,0.303540679
05/24/2011,IGHKG10D,,,,0.304084169
05/25/2011,IGHKG10D,,,,0.301846011
05/26/2011,IGHKG10D,,,,0.306173771
05/27/2011,IGHKG10D,,,,0.297012302
05/30/2011,IGHKG10D,,,,0.297442597
05/31/2011,IGHKG10D,,,,0.297408423
06/01/2011,IGHKG10D,,,,0.296261847
06/02/2011,IGHKG10D,,,,0.282850835
06/03/2011,IGHKG10D,,,,0.287899179
06/07/2011,IGHKG10D,,,,0.285725023
06/08/2011,IGHKG10D,,,,0.284069436
06/09/2011,IGHKG10D,,,,0.277016629
06/10/2011,IGHKG10D,,,,0.280453864
06/13/2011,IGHKG10D,,,,0.275120067
06/14/2011,IGHKG10D,,,,0.276678366
06/15/2011,IGHKG10D,,,,0.286702295
06/16/2011,IGHKG10D,,,,0.279326796
06/17/2011,IGHKG10D,,,,0.275650457
06/20/2011,IGHKG10D,,,,0.284438294
06/21/2011,IGHKG10D,,,,0.281765749
06/22/2011,IGHKG10D,,,,0.285889448
06/23/2011,IGHKG10D,,,,0.285664037
06/24/2011,IGHKG10D,,,,0.279970556
06/27/2011,IGHKG10D,,,,0.271715035
06/28/2011,IGHKG10D,,,,0.273495648
06/29/2011,IGHKG10D,,,,0.277400292
06/30/2011,IGHKG10D,,,,0.281269739
07/04/2011,IGHKG10D,,,,0.288678896
07/05/2011,IGHKG10D,,,,0.290967622
07/06/2011,IGHKG10D,,,,0.291901955
07/07/2011,IGHKG10D,,,,0.288199707
07/08/2011,IGHKG10D,,,,0.298562796
07/11/2011,IGHKG10D,,,,0.286787384
07/12/2011,IGHKG10D,,,,0.275978249
07/13/2011,IGHKG10D,,,,0.271658149
07/14/2011,IGHKG10D,,,,0.272173441
07/15/2011,IGHKG10D,,,,0.273141123
07/18/2011,IGHKG10D,,,,0.271102137
07/19/2011,IGHKG10D,,,,0.268534094
07/20/2011,IGHKG10D,,,,0.270266983
07/21/2011,IGHKG10D,,,,0.274543538
07/22/2011,IGHKG10D,,,,0.27899843
07/25/2011,IGHKG10D,,,,0.276602471
07/26/2011,IGHKG10D,,,,0.276239747
07/27/2011,IGHKG10D,,,,0.276362306
07/28/2011,IGHKG10D,,,,0.276725576
07/29/2011,IGHKG10D,,,,0.277532608
08/01/2011,IGHKG10D,,,,0.268306454
08/02/2011,IGHKG10D,,,,0.261444357
08/03/2011,IGHKG10D,,,,0.250672325
08/04/2011,IGHKG10D,,,,0.261311335
08/05/2011,IGHKG10D,,,,0.245592415
08/08/2011,IGHKG10D,,,,0.257499809
08/09/2011,IGHKG10D,,,,0.231894981
08/10/2011,IGHKG10D,,,,0.23395986
08/11/2011,IGHKG10D,,,,0.220854087
08/12/2011,IGHKG10D,,,,0.226912795
08/15/2011,IGHKG10D,,,,0.225284752
08/16/2011,IGHKG10D,,,,0.228542599
08/17/2011,IGHKG10D,,,,0.223860877
08/18/2011,IGHKG10D,,,,0.219745304
08/19/2011,IGHKG10D,,,,0.205533396
08/22/2011,IGHKG10D,,,,0.207706086
08/23/2011,IGHKG10D,,,,0.210710482
08/24/2011,IGHKG10D,,,,0.210954426
08/25/2011,IGHKG10D,,,,0.222982823
08/26/2011,IGHKG10D,,,,0.221256769
08/29/2011,IGHKG10D,,,,0.216233156
08/30/2011,IGHKG10D,,,,0.21986439
08/31/2011,IGHKG10D,,,,0.218874468
09/01/2011,IGHKG10D,,,,0.224408856
09/02/2011,IGHKG10D,,,,0.218359958
09/05/2011,IGHKG10D,,,,0.205412414
09/06/2011,IGHKG10D,,,,0.197466231
09/07/2011,IGHKG10D,,,,0.198101058
09/08/2011,IGHKG10D,,,,0.199852713
09/09/2011,IGHKG10D,,,,0.201073757
09/12/2011,IGHKG10D,,,,0.194701077
09/14/2011,IGHKG10D,,,,0.195246503
09/15/2011,IGHKG10D,,,,0.1926792
09/16/2011,IGHKG10D,,,,0.193287647
09/19/2011,IGHKG10D,,,,0.19144044
09/20/2011,IGHKG10D,,,,0.184833701
09/21/2011,IGHKG10D,,,,0.184962581
09/22/2011,IGHKG10D,,,,0.178023165
09/23/2011,IGHKG10D,,,,0.162746261
09/26/2011,IGHKG10D,,,,0.163841734
09/27/2011,IGHKG10D,,,,0.167853776
09/28/2011,IGHKG10D,,,,0.166810316
09/29/2011,IGHKG10D,,,,0.167378491
09/30/2011,IGHKG10D,,,,0.170669185
10/03/2011,IGHKG10D,,,,0.16824025
10/04/2011,IGHKG10D,,,,0.158818123
10/06/2011,IGHKG10D,,,,0.165632299
10/07/2011,IGHKG10D,,,,0.167011824
10/10/2011,IGHKG10D,,,,0.176826369
10/11/2011,IGHKG10D,,,,0.184629221
10/12/2011,IGHKG10D,,,,0.176636835
10/13/2011,IGHKG10D,,,,0.178552673
10/14/2011,IGHKG10D,,,,0.172075687
10/17/2011,IGHKG10D,,,,0.183040766
10/18/2011,IGHKG10D,,,,0.17862739
10/19/2011,IGHKG10D,,,,0.179156939
10/20/2011,IGHKG10D,,,,0.18012601
10/21/2011,IGHKG10D,,,,0.180311954
10/24/2011,IGHKG10D,,,,0.183810716
10/25/2011,IGHKG10D,,,,0.188148845
10/26/2011,IGHKG10D,,,,0.176944254
10/27/2011,IGHKG10D,,,,0.183709945
10/28/2011,IGHKG10D,,,,0.200130353
10/31/2011,IGHKG10D,,,,0.195629231
11/01/2011,IGHKG10D,,,,0.18798325
11/02/2011,IGHKG10D,,,,0.17624251
11/03/2011,IGHKG10D,,,,0.169185858
11/04/2011,IGHKG10D,,,,0.17829498
11/07/2011,IGHKG10D,,,,0.176637879
11/08/2011,IGHKG10D,,,,0.174114162
11/09/2011,IGHKG10D,,,,0.179401119
11/10/2011,IGHKG10D,,,,0.168551814
11/11/2011,IGHKG10D,,,,0.170142915
11/14/2011,IGHKG10D,,,,0.177927575
11/15/2011,IGHKG10D,,,,0.169491525
11/16/2011,IGHKG10D,,,,0.16567176
11/17/2011,IGHKG10D,,,,0.159166259
11/18/2011,IGHKG10D,,,,0.157101212
11/21/2011,IGHKG10D,,,,0.158194502
11/22/2011,IGHKG10D,,,,0.160680026
11/23/2011,IGHKG10D,,,,0.157445378
11/24/2011,IGHKG10D,,,,0.160207343
11/25/2011,IGHKG10D,,,,0.170641115
11/28/2011,IGHKG10D,,,,0.174154467
11/29/2011,IGHKG10D,,,,0.176627916
11/30/2011,IGHKG10D,,,,0.177598677
12/01/2011,IGHKG10D,,,,0.177303113
12/02/2011,IGHKG10D,,,,0.177357103
12/05/2011,IGHKG10D,,,,0.180374897
12/06/2011,IGHKG10D,,,,0.180612444
12/07/2011,IGHKG10D,,,,0.180473988
12/08/2011,IGHKG10D,,,,0.187836008
12/09/2011,IGHKG10D,,,,0.181863413
12/12/2011,IGHKG10D,,,,0.185573261
12/13/2011,IGHKG10D,,,,0.184823481
12/14/2011,IGHKG10D,,,,0.182755765
12/15/2011,IGHKG10D,,,,0.181203768
12/16/2011,IGHKG10D,,,,0.183748033
12/19/2011,IGHKG10D,,,,0.18368327
12/20/2011,IGHKG10D,,,,0.182126218
12/21/2011,IGHKG10D,,,,0.187491754
12/22/2011,IGHKG10D,,,,0.189721453
12/23/2011,IGHKG10D,,,,0.192925623
12/28/2011,IGHKG10D,,,,0.201283893
12/29/2011,IGHKG10D,,,,0.194354648
12/30/2011,IGHKG10D,,,,0.19233799
01/03/2012,IGHKG10D,,,,0.189020659
01/04/2012,IGHKG10D,,,,0.199351132
01/05/2012,IGHKG10D,,,,0.201342282
01/06/2012,IGHKG10D,,,,0.20094046
01/09/2012,IGHKG10D,,,,0.197502868
01/10/2012,IGHKG10D,,,,0.19960733
01/11/2012,IGHKG10D,,,,0.202230971
01/12/2012,IGHKG10D,,,,0.195425214
01/13/2012,IGHKG10D,,,,0.195608362
01/16/2012,IGHKG10D,,,,0.188013793
01/17/2012,IGHKG10D,,,,0.188040223
01/18/2012,IGHKG10D,,,,0.182664476
01/19/2012,IGHKG10D,,,,0.179651648
01/20/2012,IGHKG10D,,,,0.181388733
01/26/2012,IGHKG10D,,,,0.177120341
01/27/2012,IGHKG10D,,,,0.170419335
01/30/2012,IGHKG10D,,,,0.165923629
01/31/2012,IGHKG10D,,,,0.163099011
02/01/2012,IGHKG10D,,,,0.160756379
02/02/2012,IGHKG10D,,,,0.163617624
02/03/2012,IGHKG10D,,,,0.163211406
02/06/2012,IGHKG10D,,,,0.169365202
02/07/2012,IGHKG10D,,,,0.170872192
02/08/2012,IGHKG10D,,,,0.176841023
02/09/2012,IGHKG10D,,,,0.176793595
02/10/2012,IGHKG10D,,,,0.179441765
02/13/2012,IGHKG10D,,,,0.177528524
02/14/2012,IGHKG10D,,,,0.175305173
02/15/2012,IGHKG10D,,,,0.172738289
02/16/2012,IGHKG10D,,,,0.168046698
02/17/2012,IGHKG10D,,,,0.170789694
02/20/2012,IGHKG10D,,,,0.173151851
02/21/2012,IGHKG10D,,,,0.171256654
02/22/2012,IGHKG10D,,,,0.175687529
02/23/2012,IGHKG10D,,,,0.174642164
02/24/2012,IGHKG10D,,,,0.173671996
02/27/2012,IGHKG10D,,,,0.170672643
02/28/2012,IGHKG10D,,,,0.164832346
02/29/2012,IGHKG10D,,,,0.163319468
03/01/2012,IGHKG10D,,,,0.162533384
03/02/2012,IGHKG10D,,,,0.167833595
03/05/2012,IGHKG10D,,,,0.165793284
03/06/2012,IGHKG10D,,,,0.166670967
03/07/2012,IGHKG10D,,,,0.160564612
03/08/2012,IGHKG10D,,,,0.160979162
03/09/2012,IGHKG10D,,,,0.165086504
03/12/2012,IGHKG10D,,,,0.164259743
03/13/2012,IGHKG10D,,,,0.165653631
03/14/2012,IGHKG10D,,,,0.172078504
03/15/2012,IGHKG10D,,,,0.184441945
03/16/2012,IGHKG10D,,,,0.18374179
03/19/2012,IGHKG10D,,,,0.18280117
03/20/2012,IGHKG10D,,,,0.186890816
03/21/2012,IGHKG10D,,,,0.184965039
03/22/2012,IGHKG10D,,,,0.180837645
03/23/2012,IGHKG10D,,,,0.17787374
03/26/2012,IGHKG10D,,,,0.175116148
03/27/2012,IGHKG10D,,,,0.172256782
03/28/2012,IGHKG10D,,,,0.16309311
03/29/2012,IGHKG10D,,,,0.160068803
03/30/2012,IGHKG10D,,,,0.159101424
04/02/2012,IGHKG10D,,,,0.16652205
04/03/2012,IGHKG10D,,,,0.164265019
04/05/2012,IGHKG10D,,,,0.169751901
04/10/2012,IGHKG10D,,,,0.157787866
04/11/2012,IGHKG10D,,,,0.153657117
04/12/2012,IGHKG10D,,,,0.153130526
04/13/2012,IGHKG10D,,,,0.157597
04/16/2012,IGHKG10D,,,,0.154718927
04/17/2012,IGHKG10D,,,,0.15276536
04/18/2012,IGHKG10D,,,,0.154722815
04/19/2012,IGHKG10D,,,,0.153159394
04/20/2012,IGHKG10D,,,,0.150951596
04/23/2012,IGHKG10D,,,,0.14931855
04/24/2012,IGHKG10D,,,,0.148017105
04/25/2012,IGHKG10D,,,,0.148527399
04/26/2012,IGHKG10D,,,,0.149746612
04/27/2012,IGHKG10D,,,,0.144086755
04/30/2012,IGHKG10D,,,,0.144726458
05/02/2012,IGHKG10D,,,,0.145760729
05/03/2012,IGHKG10D,,,,0.145830943
05/04/2012,IGHKG10D,,,,0.146524846
05/07/2012,IGHKG10D,,,,0.141634361
05/08/2012,IGHKG10D,,,,0.141961723
05/09/2012,IGHKG10D,,,,0.140668596
05/10/2012,IGHKG10D,,,,0.141779867
05/11/2012,IGHKG10D,,,,0.141161001
05/14/2012,IGHKG10D,,,,0.139310684
05/15/2012,IGHKG10D,,,,0.137527869
05/16/2012,IGHKG10D,,,,0.139082602
05/17/2012,IGHKG10D,,,,0.14003176
05/18/2012,IGHKG10D,,,,0.133480768
05/21/2012,IGHKG10D,,,,0.130307678
05/22/2012,IGHKG10D,,,,0.130943451
05/23/2012,IGHKG10D,,,,0.128069712
05/24/2012,IGHKG10D,,,,0.128172908
05/25/2012,IGHKG10D,,,,0.132748057
05/28/2012,IGHKG10D,,,,0.13191916
05/29/2012,IGHKG10D,,,,0.131873633
05/30/2012,IGHKG10D,,,,0.135532981
05/31/2012,IGHKG10D,,,,0.130764212
06/01/2012,IGHKG10D,,,,0.128745004
06/04/2012,IGHKG10D,,,,0.12374147
06/05/2012,IGHKG10D,,,,0.128426376
06/06/2012,IGHKG10D,,,,0.131857938
06/07/2012,IGHKG10D,,,,0.133221984
06/08/2012,IGHKG10D,,,,0.130595287
06/11/2012,IGHKG10D,,,,0.141860001
06/12/2012,IGHKG10D,,,,0.138655518
06/13/2012,IGHKG10D,,,,0.141667884
06/14/2012,IGHKG10D,,,,0.138341224
06/15/2012,IGHKG10D,,,,0.136832956
06/18/2012,IGHKG10D,,,,0.132939049
06/19/2012,IGHKG10D,,,,0.129031411
06/20/2012,IGHKG10D,,,,0.129621118
06/21/2012,IGHKG10D,,,,0.131716829
06/22/2012,IGHKG10D,,,,0.130045021
06/25/2012,IGHKG10D,,,,0.130647001
06/26/2012,IGHKG10D,,,,0.128494645
06/27/2012,IGHKG10D,,,,0.12893169
06/28/2012,IGHKG10D,,,,0.130337438
06/29/2012,IGHKG10D,,,,0.125185156
07/03/2012,IGHKG10D,,,,0.123263345
07/04/2012,IGHKG10D,,,,0.123130817
07/05/2012,IGHKG10D,,,,0.12298031
07/06/2012,IGHKG10D,,,,0.123729504
07/09/2012,IGHKG10D,,,,0.12093329
07/10/2012,IGHKG10D,,,,0.121883657
07/11/2012,IGHKG10D,,,,0.121133207
07/12/2012,IGHKG10D,,,,0.119980025
07/13/2012,IGHKG10D,,,,0.116017475
07/16/2012,IGHKG10D,,,,0.114784566
07/17/2012,IGHKG10D,,,,0.11409028
07/18/2012,IGHKG10D,,,,0.110604482
07/19/2012,IGHKG10D,,,,0.109160375
07/20/2012,IGHKG10D,,,,0.107872329
07/23/2012,IGHKG10D,,,,0.103137482
07/24/2012,IGHKG10D,,,,0.102741079
07/25/2012,IGHKG10D,,,,0.097011115
07/26/2012,IGHKG10D,,,,0.090877134
07/27/2012,IGHKG10D,,,,0.083679303
07/30/2012,IGHKG10D,,,,0.086327216
07/31/2012,IGHKG10D,,,,0.086572804
08/01/2012,IGHKG10D,,,,0.081957647
08/02/2012,IGHKG10D,,,,0.083676572
08/03/2012,IGHKG10D,,,,0.083027736
08/06/2012,IGHKG10D,,,,0.086709677
08/07/2012,IGHKG10D,,,,0.086665809
08/08/2012,IGHKG10D,,,,0.089520463
08/09/2012,IGHKG10D,,,,0.08910081
08/10/2012,IGHKG10D,,,,0.089590389
08/13/2012,IGHKG10D,,,,0.089082299
08/14/2012,IGHKG10D,,,,0.089801975
08/15/2012,IGHKG10D,,,,0.092983508
08/16/2012,IGHKG10D,,,,0.103075729
08/17/2012,IGHKG10D,,,,0.101798699
08/20/2012,IGHKG10D,,,,0.101469782
08/21/2012,IGHKG10D,,,,0.101767542
08/22/2012,IGHKG10D,,,,0.099583259
08/23/2012,IGHKG10D,,,,0.09214759
08/24/2012,IGHKG10D,,,,0.090741547
08/27/2012,IGHKG10D,,,,0.087007628
08/28/2012,IGHKG10D,,,,0.085653105
08/29/2012,IGHKG10D,,,,0.086265202
08/30/2012,IGHKG10D,,,,0.087665412
08/31/2012,IGHKG10D,,,,0.084861131
09/03/2012,IGHKG10D,,,,0.082133957
09/04/2012,IGHKG10D,,,,0.083166957
09/05/2012,IGHKG10D,,,,0.084396267
09/06/2012,IGHKG10D,,,,0.086293194
09/07/2012,IGHKG10D,,,,0.088334764
09/10/2012,IGHKG10D,,,,0.084867591
09/11/2012,IGHKG10D,,,,0.08224407
09/12/2012,IGHKG10D,,,,0.085613205
09/13/2012,IGHKG10D,,,,0.089495525
09/14/2012,IGHKG10D,,,,0.090109284
09/17/2012,IGHKG10D,,,,0.101631385
09/18/2012,IGHKG10D,,,,0.100225098
09/19/2012,IGHKG10D,,,,0.098209346
09/20/2012,IGHKG10D,,,,0.098051572
09/21/2012,IGHKG10D,,,,0.091600937
09/24/2012,IGHKG10D,,,,0.091157012
09/25/2012,IGHKG10D,,,,0.093482771
09/26/2012,IGHKG10D,,,,0.093417557
09/27/2012,IGHKG10D,,,,0.091704824
09/28/2012,IGHKG10D,,,,0.09409318
10/03/2012,IGHKG10D,,,,0.089805485
10/04/2012,IGHKG10D,,,,0.08788124
10/05/2012,IGHKG10D,,,,0.091681715
10/08/2012,IGHKG10D,,,,0.096198701
10/09/2012,IGHKG10D,,,,0.094799293
10/10/2012,IGHKG10D,,,,0.094681606
10/11/2012,IGHKG10D,,,,0.090909091
10/12/2012,IGHKG10D,,,,0.090252936
10/15/2012,IGHKG10D,,,,0.089730934
10/16/2012,IGHKG10D,,,,0.093017929
10/17/2012,IGHKG10D,,,,0.092765549
10/18/2012,IGHKG10D,,,,0.094628798
10/19/2012,IGHKG10D,,,,0.093843748
10/22/2012,IGHKG10D,,,,0.0909382
10/24/2012,IGHKG10D,,,,0.088999461
10/25/2012,IGHKG10D,,,,0.089602054
10/26/2012,IGHKG10D,,,,0.089306396
10/29/2012,IGHKG10D,,,,0.085653382
10/30/2012,IGHKG10D,,,,0.085374189
10/31/2012,IGHKG10D,,,,0.085301329
11/01/2012,IGHKG10D,,,,0.083602361
11/02/2012,IGHKG10D,,,,0.085615118
11/05/2012,IGHKG10D,,,,0.085401929
11/06/2012,IGHKG10D,,,,0.083094336
11/07/2012,IGHKG10D,,,,0.082544744
11/08/2012,IGHKG10D,,,,0.079406068
11/09/2012,IGHKG10D,,,,0.06896908
11/12/2012,IGHKG10D,,,,0.068742262
11/13/2012,IGHKG10D,,,,0.066328773
11/14/2012,IGHKG10D,,,,0.064750903
11/15/2012,IGHKG10D,,,,0.066139617
11/16/2012,IGHKG10D,,,,0.065978902
11/19/2012,IGHKG10D,,,,0.066222611
11/20/2012,IGHKG10D,,,,0.069624081
11/21/2012,IGHKG10D,,,,0.073309068
11/22/2012,IGHKG10D,,,,0.078996462
11/23/2012,IGHKG10D,,,,0.077475701
11/26/2012,IGHKG10D,,,,0.077330495
11/27/2012,IGHKG10D,,,,0.075580649
11/28/2012,IGHKG10D,,,,0.071473402
11/29/2012,IGHKG10D,,,,0.07150271
11/30/2012,IGHKG10D,,,,0.071804077
12/03/2012,IGHKG10D,,,,0.074863563
12/04/2012,IGHKG10D,,,,0.07457714
12/05/2012,IGHKG10D,,,,0.075502604
12/06/2012,IGHKG10D,,,,0.073562336
12/07/2012,IGHKG10D,,,,0.071074296
12/10/2012,IGHKG10D,,,,0.072839333
12/11/2012,IGHKG10D,,,,0.07139312
12/12/2012,IGHKG10D,,,,0.07293149
12/13/2012,IGHKG10D,,,,0.076644423
12/14/2012,IGHKG10D,,,,0.081568767
12/17/2012,IGHKG10D,,,,0.07909002
12/18/2012,IGHKG10D,,,,0.08245114
12/19/2012,IGHKG10D,,,,0.083901817
12/20/2012,IGHKG10D,,,,0.080797268
12/21/2012,IGHKG10D,,,,0.08049734
12/24/2012,IGHKG10D,,,,0.078562549
12/27/2012,IGHKG10D,,,,0.079983567
12/28/2012,IGHKG10D,,,,0.078962936
12/31/2012,IGHKG10D,,,,0.076644066
01/02/2013,IGHKG10D,,,,0.083428717
01/03/2013,IGHKG10D,,,,0.087693582
01/04/2013,IGHKG10D,,,,0.096540832
01/07/2013,IGHKG10D,,,,0.096202789
01/08/2013,IGHKG10D,,,,0.098288857
01/09/2013,IGHKG10D,,,,0.102558222
01/10/2013,IGHKG10D,,,,0.102354405
01/11/2013,IGHKG10D,,,,0.110322589
01/14/2013,IGHKG10D,,,,0.104357099
01/15/2013,IGHKG10D,,,,0.101602784
01/16/2013,IGHKG10D,,,,0.101644892
01/17/2013,IGHKG10D,,,,0.107953462
01/18/2013,IGHKG10D,,,,0.129526052
01/21/2013,IGHKG10D,,,,0.126859647
01/22/2013,IGHKG10D,,,,0.12735674
01/23/2013,IGHKG10D,,,,0.125645949
01/24/2013,IGHKG10D,,,,0.121944911
01/25/2013,IGHKG10D,,,,0.127071895
01/28/2013,IGHKG10D,,,,0.138564534
01/29/2013,IGHKG10D,,,,0.142192948
01/30/2013,IGHKG10D,,,,0.15493667
01/31/2013,IGHKG10D,,,,0.153199043
02/01/2013,IGHKG10D,,,,0.157425628
02/04/2013,IGHKG10D,,,,0.16958974
02/05/2013,IGHKG10D,,,,0.160969155
02/06/2013,IGHKG10D,,,,0.165191589
02/07/2013,IGHKG10D,,,,0.160084418
02/08/2013,IGHKG10D,,,,0.158855413
02/14/2013,IGHKG10D,,,,0.16579508
02/15/2013,IGHKG10D,,,,0.163615115
02/18/2013,IGHKG10D,,,,0.167559885
02/19/2013,IGHKG10D,,,,0.170451579
02/20/2013,IGHKG10D,,,,0.173791005
02/21/2013,IGHKG10D,,,,0.172889461
02/22/2013,IGHKG10D,,,,0.171848457
02/25/2013,IGHKG10D,,,,0.171078243
02/26/2013,IGHKG10D,,,,0.162619914
02/27/2013,IGHKG10D,,,,0.158437001
02/28/2013,IGHKG10D,,,,0.153222591
03/01/2013,IGHKG10D,,,,0.152711186
03/04/2013,IGHKG10D,,,,0.151539257
03/05/2013,IGHKG10D,,,,0.154215398
03/06/2013,IGHKG10D,,,,0.156156476
03/07/2013,IGHKG10D,,,,0.158521528
03/08/2013,IGHKG10D,,,,0.161433787
03/11/2013,IGHKG10D,,,,0.166018467
03/12/2013,IGHKG10D,,,,0.167466963
03/13/2013,IGHKG10D,,,,0.164253898
03/14/2013,IGHKG10D,,,,0.163167398
03/15/2013,IGHKG10D,,,,0.161656752
03/18/2013,IGHKG10D,,,,0.152598386
03/19/2013,IGHKG10D,,,,0.158578879
03/20/2013,IGHKG10D,,,,0.148961762
03/21/2013,IGHKG10D,,,,0.152355302
03/22/2013,IGHKG10D,,,,0.15405295
03/25/2013,IGHKG10D,,,,0.15952406
03/26/2013,IGHKG10D,,,,0.158651138
03/27/2013,IGHKG10D,,,,0.159987431
03/28/2013,IGHKG10D,,,,0.146290354
04/02/2013,IGHKG10D,,,,0.142786161
04/03/2013,IGHKG10D,,,,0.145234454
04/05/2013,IGHKG10D,,,,0.134784319
04/08/2013,IGHKG10D,,,,0.129415925
04/09/2013,IGHKG10D,,,,0.131448023
04/10/2013,IGHKG10D,,,,0.129114883
04/11/2013,IGHKG10D,,,,0.127128027
04/12/2013,IGHKG10D,,,,0.126136008
04/15/2013,IGHKG10D,,,,0.120696713
04/16/2013,IGHKG10D,,,,0.117916458
04/17/2013,IGHKG10D,,,,0.11964569
04/18/2013,IGHKG10D,,,,0.117347006
04/19/2013,IGHKG10D,,,,0.117598815
04/22/2013,IGHKG10D,,,,0.119064924
04/23/2013,IGHKG10D,,,,0.115876539
04/24/2013,IGHKG10D,,,,0.119557176
04/25/2013,IGHKG10D,,,,0.116919116
04/26/2013,IGHKG10D,,,,0.11568797
04/29/2013,IGHKG10D,,,,0.112356621
04/30/2013,IGHKG10D,,,,0.110243991
05/02/2013,IGHKG10D,,,,0.106920532
05/03/2013,IGHKG10D,,,,0.107076955
05/06/2013,IGHKG10D,,,,0.114975344
05/07/2013,IGHKG10D,,,,0.116096968
05/08/2013,IGHKG10D,,,,0.119190744
05/09/2013,IGHKG10D,,,,0.118491408
05/10/2013,IGHKG10D,,,,0.123251123
05/13/2013,IGHKG10D,,,,0.135344614
05/14/2013,IGHKG10D,,,,0.131703222
05/15/2013,IGHKG10D,,,,0.140293937
05/16/2013,IGHKG10D,,,,0.135000263
05/20/2013,IGHKG10D,,,,0.1442295
05/21/2013,IGHKG10D,,,,0.146325329
05/22/2013,IGHKG10D,,,,0.143271454
05/23/2013,IGHKG10D,,,,0.159195921
05/24/2013,IGHKG10D,,,,0.165115661
05/27/2013,IGHKG10D,,,,0.168651587
05/28/2013,IGHKG10D,,,,0.17553498
05/29/2013,IGHKG10D,,,,0.194143688
05/30/2013,IGHKG10D,,,,0.193604034
05/31/2013,IGHKG10D,,,,0.190967811
06/03/2013,IGHKG10D,,,,0.196384824
06/04/2013,IGHKG10D,,,,0.198506866
06/05/2013,IGHKG10D,,,,0.207414122
06/06/2013,IGHKG10D,,,,0.202235302
06/07/2013,IGHKG10D,,,,0.191438482
06/10/2013,IGHKG10D,,,,0.203840395
06/11/2013,IGHKG10D,,,,0.212419801
06/13/2013,IGHKG10D,,,,0.214182912
06/14/2013,IGHKG10D,,,,0.210378682
06/17/2013,IGHKG10D,,,,0.210053695
06/18/2013,IGHKG10D,,,,0.213236456
06/19/2013,IGHKG10D,,,,0.216161803
06/20/2013,IGHKG10D,,,,0.252216775
06/21/2013,IGHKG10D,,,,0.260465116
06/24/2013,IGHKG10D,,,,0.284909544
06/25/2013,IGHKG10D,,,,0.283270761
06/26/2013,IGHKG10D,,,,0.288710722
06/27/2013,IGHKG10D,,,,0.281195554
06/28/2013,IGHKG10D,,,,0.271700058
07/02/2013,IGHKG10D,,,,0.276621787
07/03/2013,IGHKG10D,,,,0.285938749
07/04/2013,IGHKG10D,,,,0.297774825
07/05/2013,IGHKG10D,,,,0.309438699
07/08/2013,IGHKG10D,,,,0.341315979
07/09/2013,IGHKG10D,,,,0.332677566
07/10/2013,IGHKG10D,,,,0.324265242
07/11/2013,IGHKG10D,,,,0.305023124
07/12/2013,IGHKG10D,,,,0.300979591
07/15/2013,IGHKG10D,,,,0.303682095
07/16/2013,IGHKG10D,,,,0.295560576
07/17/2013,IGHKG10D,,,,0.298197135
07/18/2013,IGHKG10D,,,,0.288974808
07/19/2013,IGHKG10D,,,,0.293810988
07/22/2013,IGHKG10D,,,,0.287549302
07/23/2013,IGHKG10D,,,,0.287976866
07/24/2013,IGHKG10D,,,,0.292035869
07/25/2013,IGHKG10D,,,,0.301311028
07/26/2013,IGHKG10D,,,,0.298602456
07/29/2013,IGHKG10D,,,,0.296371795
07/30/2013,IGHKG10D,,,,0.302526817
07/31/2013,IGHKG10D,,,,0.300062292
08/01/2013,IGHKG10D,,,,0.302265994
08/02/2013,IGHKG10D,,,,0.316690557
08/05/2013,IGHKG10D,,,,0.300973857
08/06/2013,IGHKG10D,,,,0.298449561
08/07/2013,IGHKG10D,,,,0.301185388
08/08/2013,IGHKG10D,,,,0.295241773
08/09/2013,IGHKG10D,,,,0.295905098
08/12/2013,IGHKG10D,,,,0.296083669
08/13/2013,IGHKG10D,,,,0.302561366
08/15/2013,IGHKG10D,,,,0.314734576
08/16/2013,IGHKG10D,,,,0.321858084
08/19/2013,IGHKG10D,,,,0.334654337
08/20/2013,IGHKG10D,,,,0.339378343
08/21/2013,IGHKG10D,,,,0.335211382
08/22/2013,IGHKG10D,,,,0.350134928
08/23/2013,IGHKG10D,,,,0.348701844
08/26/2013,IGHKG10D,,,,0.33554048
08/27/2013,IGHKG10D,,,,0.325247177
08/28/2013,IGHKG10D,,,,0.317546185
08/29/2013,IGHKG10D,,,,0.322457961
08/30/2013,IGHKG10D,,,,0.317406375
09/02/2013,IGHKG10D,,,,0.32195321
09/03/2013,IGHKG10D,,,,0.325877205
09/04/2013,IGHKG10D,,,,0.325505854
09/05/2013,IGHKG10D,,,,0.333613377
09/06/2013,IGHKG10D,,,,0.339390198
09/09/2013,IGHKG10D,,,,0.332521869
09/10/2013,IGHKG10D,,,,0.327941059
09/11/2013,IGHKG10D,,,,0.327934307
09/12/2013,IGHKG10D,,,,0.312200447
09/13/2013,IGHKG10D,,,,0.31428991
09/16/2013,IGHKG10D,,,,0.293745589
09/17/2013,IGHKG10D,,,,0.301911353
09/18/2013,IGHKG10D,,,,0.298903011
09/19/2013,IGHKG10D,,,,0.282022085
09/23/2013,IGHKG10D,,,,0.286085826
09/24/2013,IGHKG10D,,,,0.285247383
09/25/2013,IGHKG10D,,,,0.282167944
09/26/2013,IGHKG10D,,,,0.281386721
09/27/2013,IGHKG10D,,,,0.285349573
09/30/2013,IGHKG10D,,,,0.275462317
10/02/2013,IGHKG10D,,,,0.2799888
10/03/2013,IGHKG10D,,,,0.276296849
10/04/2013,IGHKG10D,,,,0.273945317
10/07/2013,IGHKG10D,,,,0.276983251
10/08/2013,IGHKG10D,,,,0.275262489
10/09/2013,IGHKG10D,,,,0.274165438
10/10/2013,IGHKG10D,,,,0.28035252
10/11/2013,IGHKG10D,,,,0.278923827
10/15/2013,IGHKG10D,,,,0.284260561
10/16/2013,IGHKG10D,,,,0.2841121
10/17/2013,IGHKG10D,,,,0.269552869
10/18/2013,IGHKG10D,,,,0.264579049
10/21/2013,IGHKG10D,,,,0.260915797
10/22/2013,IGHKG10D,,,,0.25994878
10/23/2013,IGHKG10D,,,,0.249383907
10/24/2013,IGHKG10D,,,,0.249657175
10/25/2013,IGHKG10D,,,,0.251762201
10/28/2013,IGHKG10D,,,,0.24954524
10/29/2013,IGHKG10D,,,,0.249355
10/30/2013,IGHKG10D,,,,0.246708303
10/31/2013,IGHKG10D,,,,0.245576263
11/01/2013,IGHKG10D,,,,0.248369529
11/04/2013,IGHKG10D,,,,0.255637884
11/05/2013,IGHKG10D,,,,0.251702974
11/06/2013,IGHKG10D,,,,0.251912194
11/07/2013,IGHKG10D,,,,0.243056493
11/08/2013,IGHKG10D,,,,0.241623624
11/11/2013,IGHKG10D,,,,0.256905779
11/12/2013,IGHKG10D,,,,0.260884869
11/13/2013,IGHKG10D,,,,0.268808503
11/14/2013,IGHKG10D,,,,0.257745871
11/15/2013,IGHKG10D,,,,0.256392992
11/18/2013,IGHKG10D,,,,0.257700744
11/19/2013,IGHKG10D,,,,0.25569333
11/20/2013,IGHKG10D,,,,0.262582942
11/21/2013,IGHKG10D,,,,0.27582932
11/22/2013,IGHKG10D,,,,0.269940315
11/25/2013,IGHKG10D,,,,0.274539147
11/26/2013,IGHKG10D,,,,0.272295744
11/27/2013,IGHKG10D,,,,0.272250164
11/28/2013,IGHKG10D,,,,0.278278442
11/29/2013,IGHKG10D,,,,0.279512462
12/02/2013,IGHKG10D,,,,0.290121846
12/03/2013,IGHKG10D,,,,0.297365602
12/04/2013,IGHKG10D,,,,0.296047191
12/05/2013,IGHKG10D,,,,0.305341413
12/06/2013,IGHKG10D,,,,0.30853866
12/09/2013,IGHKG10D,,,,0.305281772
12/10/2013,IGHKG10D,,,,0.301704095
12/11/2013,IGHKG10D,,,,0.297384058
12/12/2013,IGHKG10D,,,,0.302560443
12/13/2013,IGHKG10D,,,,0.304275979
12/16/2013,IGHKG10D,,,,0.310159112
12/17/2013,IGHKG10D,,,,0.310780852
12/18/2013,IGHKG10D,,,,0.308659025
12/19/2013,IGHKG10D,,,,0.316984247
12/20/2013,IGHKG10D,,,,0.315920876
12/23/2013,IGHKG10D,,,,0.31292759
12/24/2013,IGHKG10D,,,,0.313352806
12/27/2013,IGHKG10D,,,,0.321912417
12/30/2013,IGHKG10D,,,,0.315190969
12/31/2013,IGHKG10D,,,,0.31588324
01/02/2014,IGHKG10D,,,,0.324197079
01/03/2014,IGHKG10D,,,,0.322031805
01/06/2014,IGHKG10D,,,,0.326571004
01/07/2014,IGHKG10D,,,,0.325886224
01/08/2014,IGHKG10D,,,,0.330049124
01/09/2014,IGHKG10D,,,,0.332564156
01/10/2014,IGHKG10D,,,,0.333787753
01/13/2014,IGHKG10D,,,,0.316917688
01/14/2014,IGHKG10D,,,,0.319916421
01/15/2014,IGHKG10D,,,,0.326442552
01/16/2014,IGHKG10D,,,,0.331072602
01/17/2014,IGHKG10D,,,,0.325590601
01/20/2014,IGHKG10D,,,,0.322503212
01/21/2014,IGHKG10D,,,,0.326202226
01/22/2014,IGHKG10D,,,,0.330664761
01/23/2014,IGHKG10D,,,,0.337731475
01/24/2014,IGHKG10D,,,,0.32803749
01/27/2014,IGHKG10D,,,,0.323749248
01/28/2014,IGHKG10D,,,,0.328052511
01/29/2014,IGHKG10D,,,,0.330372695
01/30/2014,IGHKG10D,,,,0.320675833
02/04/2014,IGHKG10D,,,,0.307327592
02/05/2014,IGHKG10D,,,,0.309184125
02/06/2014,IGHKG10D,,,,0.314328111
02/07/2014,IGHKG10D,,,,0.315877802
02/10/2014,IGHKG10D,,,,0.313301785
02/11/2014,IGHKG10D,,,,0.307146406
02/12/2014,IGHKG10D,,,,0.31323592
02/13/2014,IGHKG10D,,,,0.316118803
02/14/2014,IGHKG10D,,,,0.312907062
02/17/2014,IGHKG10D,,,,0.313715506
02/18/2014,IGHKG10D,,,,0.315275248
02/19/2014,IGHKG10D,,,,0.314875136
02/20/2014,IGHKG10D,,,,0.320175187
02/21/2014,IGHKG10D,,,,0.324974925
02/24/2014,IGHKG10D,,,,0.319609967
02/25/2014,IGHKG10D,,,,0.321543868
02/26/2014,IGHKG10D,,,,0.320772032
02/27/2014,IGHKG10D,,,,0.316033882
02/28/2014,IGHKG10D,,,,0.312326188
03/03/2014,IGHKG10D,,,,0.307982132
03/04/2014,IGHKG10D,,,,0.308426709
03/05/2014,IGHKG10D,,,,0.315982488
03/06/2014,IGHKG10D,,,,0.316419854
03/07/2014,IGHKG10D,,,,0.322534567
03/10/2014,IGHKG10D,,,,0.327821917
03/11/2014,IGHKG10D,,,,0.327427803
03/12/2014,IGHKG10D,,,,0.324706017
03/13/2014,IGHKG10D,,,,0.32137508
03/14/2014,IGHKG10D,,,,0.311177211
03/17/2014,IGHKG10D,,,,0.308224541
03/18/2014,IGHKG10D,,,,0.316904943
03/19/2014,IGHKG10D,,,,0.31765796
03/20/2014,IGHKG10D,,,,0.333207831
03/21/2014,IGHKG10D,,,,0.337538702
03/24/2014,IGHKG10D,,,,0.337026777
03/25/2014,IGHKG10D,,,,0.330088139
03/26/2014,IGHKG10D,,,,0.328943601
03/27/2014,IGHKG10D,,,,0.32056205
03/28/2014,IGHKG10D,,,,0.32169288
03/31/2014,IGHKG10D,,,,0.328118767
04/01/2014,IGHKG10D,,,,0.328011033
04/02/2014,IGHKG10D,,,,0.330910074
04/03/2014,IGHKG10D,,,,0.335970629
04/04/2014,IGHKG10D,,,,0.332398595
04/07/2014,IGHKG10D,,,,0.319183569
04/08/2014,IGHKG10D,,,,0.316339759
04/09/2014,IGHKG10D,,,,0.313074473
04/10/2014,IGHKG10D,,,,0.312645494
04/11/2014,IGHKG10D,,,,0.308860616
04/14/2014,IGHKG10D,,,,0.302396268
04/15/2014,IGHKG10D,,,,0.30749193
04/16/2014,IGHKG10D,,,,0.307781897
04/17/2014,IGHKG10D,,,,0.305821247
04/22/2014,IGHKG10D,,,,0.317234512
04/23/2014,IGHKG10D,,,,0.315657644
04/24/2014,IGHKG10D,,,,0.313646316
04/25/2014,IGHKG10D,,,,0.311502963
04/28/2014,IGHKG10D,,,,0.310952354
04/29/2014,IGHKG10D,,,,0.309896936
04/30/2014,IGHKG10D,,,,0.307346327
05/02/2014,IGHKG10D,,,,0.297706682
05/05/2014,IGHKG10D,,,,0.292192646
05/07/2014,IGHKG10D,,,,0.291495585
05/08/2014,IGHKG10D,,,,0.287331423
05/09/2014,IGHKG10D,,,,0.283292093
05/12/2014,IGHKG10D,,,,0.288192541
05/13/2014,IGHKG10D,,,,0.291013481
05/14/2014,IGHKG10D,,,,0.286316381
05/15/2014,IGHKG10D,,,,0.276423906
05/16/2014,IGHKG10D,,,,0.271353123
05/19/2014,IGHKG10D,,,,0.272879049
05/20/2014,IGHKG10D,,,,0.276155221
05/21/2014,IGHKG10D,,,,0.272940978
05/22/2014,IGHKG10D,,,,0.274975411
05/23/2014,IGHKG10D,,,,0.274901571
05/26/2014,IGHKG10D,,,,0.272481473
05/27/2014,IGHKG10D,,,,0.272507037
05/28/2014,IGHKG10D,,,,0.267942315
05/29/2014,IGHKG10D,,,,0.259776575
05/30/2014,IGHKG10D,,,,0.263971463
06/03/2014,IGHKG10D,,,,0.278974186
06/04/2014,IGHKG10D,,,,0.287476361
06/05/2014,IGHKG10D,,,,0.288069903
06/06/2014,IGHKG10D,,,,0.285145889
06/09/2014,IGHKG10D,,,,0.290240437
06/10/2014,IGHKG10D,,,,0.289645083
06/11/2014,IGHKG10D,,,,0.294480592
06/12/2014,IGHKG10D,,,,0.293664575
06/13/2014,IGHKG10D,,,,0.288671634
06/16/2014,IGHKG10D,,,,0.287581516
06/17/2014,IGHKG10D,,,,0.287440087
06/18/2014,IGHKG10D,,,,0.295149812
06/19/2014,IGHKG10D,,,,0.284541494
06/20/2014,IGHKG10D,,,,0.286923931
06/23/2014,IGHKG10D,,,,0.288526769
06/24/2014,IGHKG10D,,,,0.288994897
06/25/2014,IGHKG10D,,,,0.284196988
06/26/2014,IGHKG10D,,,,0.281857168
06/27/2014,IGHKG10D,,,,0.277127674
06/30/2014,IGHKG10D,,,,0.276136567
07/02/2014,IGHKG10D,,,,0.283425331
07/03/2014,IGHKG10D,,,,0.286145612
07/04/2014,IGHKG10D,,,,0.289745459
07/07/2014,IGHKG10D,,,,0.293200938
07/08/2014,IGHKG10D,,,,0.288904204
07/09/2014,IGHKG10D,,,,0.282677739
07/10/2014,IGHKG10D,,,,0.27863309
07/11/2014,IGHKG10D,,,,0.279532358
07/14/2014,IGHKG10D,,,,0.279425387
07/15/2014,IGHKG10D,,,,0.280790435
07/16/2014,IGHKG10D,,,,0.281350482
07/17/2014,IGHKG10D,,,,0.276219309
07/18/2014,IGHKG10D,,,,0.269514154
07/21/2014,IGHKG10D,,,,0.269877114
07/22/2014,IGHKG10D,,,,0.26922544
07/23/2014,IGHKG10D,,,,0.269315979
07/24/2014,IGHKG10D,,,,0.271297401
07/25/2014,IGHKG10D,,,,0.274215381
07/28/2014,IGHKG10D,,,,0.269886166
07/29/2014,IGHKG10D,,,,0.273859386
07/30/2014,IGHKG10D,,,,0.274084392
07/31/2014,IGHKG10D,,,,0.284933975
08/01/2014,IGHKG10D,,,,0.289115886
08/04/2014,IGHKG10D,,,,0.281414534
08/05/2014,IGHKG10D,,,,0.281644316
08/06/2014,IGHKG10D,,,,0.281346858
08/07/2014,IGHKG10D,,,,0.279070423
08/08/2014,IGHKG10D,,,,0.273025943
08/11/2014,IGHKG10D,,,,0.27776212
08/12/2014,IGHKG10D,,,,0.276191685
08/13/2014,IGHKG10D,,,,0.277676082
08/14/2014,IGHKG10D,,,,0.271669551
08/15/2014,IGHKG10D,,,,0.269278362
08/18/2014,IGHKG10D,,,,0.262943392
08/19/2014,IGHKG10D,,,,0.268163525
08/20/2014,IGHKG10D,,,,0.268376577
08/21/2014,IGHKG10D,,,,0.27117878
08/22/2014,IGHKG10D,,,,0.266489572
08/25/2014,IGHKG10D,,,,0.267324347
08/26/2014,IGHKG10D,,,,0.264058127
08/27/2014,IGHKG10D,,,,0.262803612
08/28/2014,IGHKG10D,,,,0.261977517
08/29/2014,IGHKG10D,,,,0.259200494
09/01/2014,IGHKG10D,,,,0.259827717
09/02/2014,IGHKG10D,,,,0.26266787
09/03/2014,IGHKG10D,,,,0.266863406
09/04/2014,IGHKG10D,,,,0.262585435
09/05/2014,IGHKG10D,,,,0.269070891
09/08/2014,IGHKG10D,,,,0.27022051
09/10/2014,IGHKG10D,,,,0.279235805
09/11/2014,IGHKG10D,,,,0.282179416
09/12/2014,IGHKG10D,,,,0.290315654
09/15/2014,IGHKG10D,,,,0.293912026
09/16/2014,IGHKG10D,,,,0.292314879
09/17/2014,IGHKG10D,,,,0.292848423
09/18/2014,IGHKG10D,,,,0.2967782
09/19/2014,IGHKG10D,,,,0.301739992
09/22/2014,IGHKG10D,,,,0.289947995
09/23/2014,IGHKG10D,,,,0.288361188
09/24/2014,IGHKG10D,,,,0.283215386
09/25/2014,IGHKG10D,,,,0.290914302
09/26/2014,IGHKG10D,,,,0.28505271
09/29/2014,IGHKG10D,,,,0.289176021
09/30/2014,IGHKG10D,,,,0.287659771
10/03/2014,IGHKG10D,,,,0.280039405
10/06/2014,IGHKG10D,,,,0.282424225
10/07/2014,IGHKG10D,,,,0.278390496
10/08/2014,IGHKG10D,,,,0.266685763
10/09/2014,IGHKG10D,,,,0.260826914
10/10/2014,IGHKG10D,,,,0.260604661
10/13/2014,IGHKG10D,,,,0.255891867
10/14/2014,IGHKG10D,,,,0.25474089
10/15/2014,IGHKG10D,,,,0.246277538
10/16/2014,IGHKG10D,,,,0.238993528
10/17/2014,IGHKG10D,,,,0.249243834
10/20/2014,IGHKG10D,,,,0.255667763
10/21/2014,IGHKG10D,,,,0.247185157
10/22/2014,IGHKG10D,,,,0.250800504
10/23/2014,IGHKG10D,,,,0.252070423
10/24/2014,IGHKG10D,,,,0.255611875
10/27/2014,IGHKG10D,,,,0.262207591
10/28/2014,IGHKG10D,,,,0.258543748
10/29/2014,IGHKG10D,,,,0.261017536
10/30/2014,IGHKG10D,,,,0.264479266
10/31/2014,IGHKG10D,,,,0.263884449
11/03/2014,IGHKG10D,,,,0.271802837
11/04/2014,IGHKG10D,,,,0.271435931
11/05/2014,IGHKG10D,,,,0.26880141
11/06/2014,IGHKG10D,,,,0.270031248
11/07/2014,IGHKG10D,,,,0.272094926
11/10/2014,IGHKG10D,,,,0.26477236
11/11/2014,IGHKG10D,,,,0.271858283
11/12/2014,IGHKG10D,,,,0.273686669
11/13/2014,IGHKG10D,,,,0.275318126
11/14/2014,IGHKG10D,,,,0.270093186
11/17/2014,IGHKG10D,,,,0.263188592
11/18/2014,IGHKG10D,,,,0.267750488
11/19/2014,IGHKG10D,,,,0.267471959
11/20/2014,IGHKG10D,,,,0.271176068
11/21/2014,IGHKG10D,,,,0.267413746
11/24/2014,IGHKG10D,,,,0.264731123
11/25/2014,IGHKG10D,,,,0.260707905
11/26/2014,IGHKG10D,,,,0.253970556
11/27/2014,IGHKG10D,,,,0.254378527
11/28/2014,IGHKG10D,,,,0.252771357
12/01/2014,IGHKG10D,,,,0.244137629
12/02/2014,IGHKG10D,,,,0.254229807
12/03/2014,IGHKG10D,,,,0.260985587
12/04/2014,IGHKG10D,,,,0.261449429
12/05/2014,IGHKG10D,,,,0.255032765
12/08/2014,IGHKG10D,,,,0.27148316
12/09/2014,IGHKG10D,,,,0.269021218
12/10/2014,IGHKG10D,,,,0.265037037
12/11/2014,IGHKG10D,,,,0.257016292
12/12/2014,IGHKG10D,,,,0.264982813
12/15/2014,IGHKG10D,,,,0.257012512
12/16/2014,IGHKG10D,,,,0.261468303
12/17/2014,IGHKG10D,,,,0.257706443
12/18/2014,IGHKG10D,,,,0.264618967
12/19/2014,IGHKG10D,,,,0.275508066
12/22/2014,IGHKG10D,,,,0.269937914
12/23/2014,IGHKG10D,,,,0.274703054
12/24/2014,IGHKG10D,,,,0.286728686
12/29/2014,IGHKG10D,,,,0.286772757
12/30/2014,IGHKG10D,,,,0.282514635
12/31/2014,IGHKG10D,,,,0.278664688
01/02/2015,IGHKG10D,,,,0.291762275
01/05/2015,IGHKG10D,,,,0.278047449
01/06/2015,IGHKG10D,,,,0.262414704
01/07/2015,IGHKG10D,,,,0.25082287
01/08/2015,IGHKG10D,,,,0.257126289
01/09/2015,IGHKG10D,,,,0.256139384
01/12/2015,IGHKG10D,,,,0.246551218
01/13/2015,IGHKG10D,,,,0.234161692
01/14/2015,IGHKG10D,,,,0.233526012
01/15/2015,IGHKG10D,,,,0.231140737
01/16/2015,IGHKG10D,,,,0.209850769
01/19/2015,IGHKG10D,,,,0.220120458
01/20/2015,IGHKG10D,,,,0.221475461
01/21/2015,IGHKG10D,,,,0.224207392
01/22/2015,IGHKG10D,,,,0.237490617
01/23/2015,IGHKG10D,,,,0.233921877
01/26/2015,IGHKG10D,,,,0.224361038
01/27/2015,IGHKG10D,,,,0.230828294
01/28/2015,IGHKG10D,,,,0.232313591
01/29/2015,IGHKG10D,,,,0.222529709
01/30/2015,IGHKG10D,,,,0.223558206
02/02/2015,IGHKG10D,,,,0.204379325
02/03/2015,IGHKG10D,,,,0.19937545
02/04/2015,IGHKG10D,,,,0.222243852
02/05/2015,IGHKG10D,,,,0.21032198
02/06/2015,IGHKG10D,,,,0.221385518
02/09/2015,IGHKG10D,,,,0.235422764
02/10/2015,IGHKG10D,,,,0.244231175
02/11/2015,IGHKG10D,,,,0.244272072
02/12/2015,IGHKG10D,,,,0.243131181
02/13/2015,IGHKG10D,,,,0.240973527
02/16/2015,IGHKG10D,,,,0.252611281
02/17/2015,IGHKG10D,,,,0.246937243
02/18/2015,IGHKG10D,,,,0.266546774
02/23/2015,IGHKG10D,,,,0.267098865
02/24/2015,IGHKG10D,,,,0.25995139
02/25/2015,IGHKG10D,,,,0.247414415
02/26/2015,IGHKG10D,,,,0.235670126
02/27/2015,IGHKG10D,,,,0.247274018
03/02/2015,IGHKG10D,,,,0.25442907
03/03/2015,IGHKG10D,,,,0.26203829
03/04/2015,IGHKG10D,,,,0.269442842
03/05/2015,IGHKG10D,,,,0.268921095
03/06/2015,IGHKG10D,,,,0.268255363
03/09/2015,IGHKG10D,,,,0.288638025
03/10/2015,IGHKG10D,,,,0.280425789
03/11/2015,IGHKG10D,,,,0.270137202
03/12/2015,IGHKG10D,,,,0.271704521
03/13/2015,IGHKG10D,,,,0.275943823
03/16/2015,IGHKG10D,,,,0.273285181
03/18/2015,IGHKG10D,,,,0.262445931
03/19/2015,IGHKG10D,,,,0.243834448
03/20/2015,IGHKG10D,,,,0.24388665
03/23/2015,IGHKG10D,,,,0.236572684
03/24/2015,IGHKG10D,,,,0.234281847
03/25/2015,IGHKG10D,,,,0.227613928
03/26/2015,IGHKG10D,,,,0.233146022
03/27/2015,IGHKG10D,,,,0.247088295
03/30/2015,IGHKG10D,,,,0.244715806
03/31/2015,IGHKG10D,,,,0.245846632
04/01/2015,IGHKG10D,,,,0.240983473
04/02/2015,IGHKG10D,,,,0.231653977
04/03/2015,IGHKG10D,,,,0.230336807
04/06/2015,IGHKG10D,,,,0.23022185
04/07/2015,IGHKG10D,,,,0.230749371
04/08/2015,IGHKG10D,,,,0.231481481
04/09/2015,IGHKG10D,,,,0.232191859
04/10/2015,IGHKG10D,,,,0.24267986
04/13/2015,IGHKG10D,,,,0.242185849
04/14/2015,IGHKG10D,,,,0.23388045
04/15/2015,IGHKG10D,,,,0.22402968
04/16/2015,IGHKG10D,,,,0.222480779
04/17/2015,IGHKG10D,,,,0.22239785
04/20/2015,IGHKG10D,,,,0.22322485
04/21/2015,IGHKG10D,,,,0.225515055
04/22/2015,IGHKG10D,,,,0.22741989
04/23/2015,IGHKG10D,,,,0.230261611
04/24/2015,IGHKG10D,,,,0.227115554
04/27/2015,IGHKG10D,,,,0.219608822
04/28/2015,IGHKG10D,,,,0.222084175
04/29/2015,IGHKG10D,,,,0.235148131
04/30/2015,IGHKG10D,,,,0.240625877
05/01/2015,IGHKG10D,,,,0.242260681
05/04/2015,IGHKG10D,,,,0.254065358
05/05/2015,IGHKG10D,,,,0.255196575
05/06/2015,IGHKG10D,,,,0.267988994
05/07/2015,IGHKG10D,,,,0.277256227
05/08/2015,IGHKG10D,,,,0.264120972
05/11/2015,IGHKG10D,,,,0.263429107
05/12/2015,IGHKG10D,,,,0.284509357
05/13/2015,IGHKG10D,,,,0.272150825
05/14/2015,IGHKG10D,,,,0.27573302
05/15/2015,IGHKG10D,,,,0.269428124
05/18/2015,IGHKG10D,,,,0.267857143
05/19/2015,IGHKG10D,,,,0.274309885
05/20/2015,IGHKG10D,,,,0.27815404
05/21/2015,IGHKG10D,,,,0.273651413
05/22/2015,IGHKG10D,,,,0.26760251
05/25/2015,IGHKG10D,,,,0.268303919
05/26/2015,IGHKG10D,,,,0.273847339
05/27/2015,IGHKG10D,,,,0.268413279
05/28/2015,IGHKG10D,,,,0.261802782
05/29/2015,IGHKG10D,,,,0.259667266
06/01/2015,IGHKG10D,,,,0.268066209
06/03/2015,IGHKG10D,,,,0.286567931
06/04/2015,IGHKG10D,,,,0.30395431
06/05/2015,IGHKG10D,,,,0.294353674
06/08/2015,IGHKG10D,,,,0.303117644
06/09/2015,IGHKG10D,,,,0.298395824
06/10/2015,IGHKG10D,,,,0.309229456
06/11/2015,IGHKG10D,,,,0.312698211
06/12/2015,IGHKG10D,,,,0.29725949
06/15/2015,IGHKG10D,,,,0.293687391
06/16/2015,IGHKG10D,,,,0.292358699
06/17/2015,IGHKG10D,,,,0.287404369
06/18/2015,IGHKG10D,,,,0.282231998
06/19/2015,IGHKG10D,,,,0.285650984
06/22/2015,IGHKG10D,,,,0.287620106
06/23/2015,IGHKG10D,,,,0.297999555
06/24/2015,IGHKG10D,,,,0.301394368
06/25/2015,IGHKG10D,,,,0.300133605
06/26/2015,IGHKG10D,,,,0.295131991
06/29/2015,IGHKG10D,,,,0.289449262
06/30/2015,IGHKG10D,,,,0.292429714
07/01/2015,IGHKG10D,,,,0.29461922
07/02/2015,IGHKG10D,,,,0.307050183
07/03/2015,IGHKG10D,,,,0.302863168
07/06/2015,IGHKG10D,,,,0.294309686
07/07/2015,IGHKG10D,,,,0.301466372
07/08/2015,IGHKG10D,,,,0.297304853
07/09/2015,IGHKG10D,,,,0.287662476
07/10/2015,IGHKG10D,,,,0.30627246
07/13/2015,IGHKG10D,,,,0.319260867
07/14/2015,IGHKG10D,,,,0.318677349
07/16/2015,IGHKG10D,,,,0.314594721
07/17/2015,IGHKG10D,,,,0.315905781
07/20/2015,IGHKG10D,,,,0.314287152
07/21/2015,IGHKG10D,,,,0.320656351
07/22/2015,IGHKG10D,,,,0.322819413
07/23/2015,IGHKG10D,,,,0.322770545
07/24/2015,IGHKG10D,,,,0.322890187
07/27/2015,IGHKG10D,,,,0.298402019
07/28/2015,IGHKG10D,,,,0.292141202
07/29/2015,IGHKG10D,,,,0.29550314
07/30/2015,IGHKG10D,,,,0.307119747
07/31/2015,IGHKG10D,,,,0.303772247
08/03/2015,IGHKG10D,,,,0.297117065
08/04/2015,IGHKG10D,,,,0.288996681
08/05/2015,IGHKG10D,,,,0.302360384
08/06/2015,IGHKG10D,,,,0.306018879
08/07/2015,IGHKG10D,,,,0.297465781
08/10/2015,IGHKG10D,,,,0.290851756
08/11/2015,IGHKG10D,,,,0.295718003
08/13/2015,IGHKG10D,,,,0.292834891
08/14/2015,IGHKG10D,,,,0.301613557
08/17/2015,IGHKG10D,,,,0.30310186
08/18/2015,IGHKG10D,,,,0.296782887
08/19/2015,IGHKG10D,,,,0.298934675
08/20/2015,IGHKG10D,,,,0.2889861
08/21/2015,IGHKG10D,,,,0.283755508
08/24/2015,IGHKG10D,,,,0.295978736
08/25/2015,IGHKG10D,,,,0.296026023
08/26/2015,IGHKG10D,,,,0.294097472
08/27/2015,IGHKG10D,,,,0.311201199
08/28/2015,IGHKG10D,,,,0.313996081
08/31/2015,IGHKG10D,,,,0.317996031
09/01/2015,IGHKG10D,,,,0.320874833
09/02/2015,IGHKG10D,,,,0.317376038
09/03/2015,IGHKG10D,,,,0.315103901
09/04/2015,IGHKG10D,,,,0.320456767
09/09/2015,IGHKG10D,,,,0.306715933
09/10/2015,IGHKG10D,,,,0.302061062
09/11/2015,IGHKG10D,,,,0.303979461
09/14/2015,IGHKG10D,,,,0.29202328
09/15/2015,IGHKG10D,,,,0.289421499
09/16/2015,IGHKG10D,,,,0.300062903
09/17/2015,IGHKG10D,,,,0.300302855
09/18/2015,IGHKG10D,,,,0.287494665
09/21/2015,IGHKG10D,,,,0.281408239
09/22/2015,IGHKG10D,,,,0.28824416
09/23/2015,IGHKG10D,,,,0.275590551
09/24/2015,IGHKG10D,,,,0.289745614
09/25/2015,IGHKG10D,,,,0.28619123
09/28/2015,IGHKG10D,,,,0.287571979
09/29/2015,IGHKG10D,,,,0.273331948
09/30/2015,IGHKG10D,,,,0.268770085
10/06/2015,IGHKG10D,,,,0.268524127
10/07/2015,IGHKG10D,,,,0.26981024
10/09/2015,IGHKG10D,,,,0.265606468
10/12/2015,IGHKG10D,,,,0.268216586
10/13/2015,IGHKG10D,,,,0.263848691
10/14/2015,IGHKG10D,,,,0.251064185
10/15/2015,IGHKG10D,,,,0.238447105
10/16/2015,IGHKG10D,,,,0.24544682
10/19/2015,IGHKG10D,,,,0.255320579
10/20/2015,IGHKG10D,,,,0.250946494
10/21/2015,IGHKG10D,,,,0.254001628
10/22/2015,IGHKG10D,,,,0.252694166
10/23/2015,IGHKG10D,,,,0.252672002
10/26/2015,IGHKG10D,,,,0.254464589
10/27/2015,IGHKG10D,,,,0.24995292
10/28/2015,IGHKG10D,,,,0.244998723
10/29/2015,IGHKG10D,,,,0.249536793
11/02/2015,IGHKG10D,,,,0.259764404
11/03/2015,IGHKG10D,,,,0.266985791
11/04/2015,IGHKG10D,,,,0.27460964
11/05/2015,IGHKG10D,,,,0.27407269
11/06/2015,IGHKG10D,,,,0.278321486
11/09/2015,IGHKG10D,,,,0.304089959
11/10/2015,IGHKG10D,,,,0.300912843
11/11/2015,IGHKG10D,,,,0.296397707
11/12/2015,IGHKG10D,,,,0.297608837
11/13/2015,IGHKG10D,,,,0.296503833
11/16/2015,IGHKG10D,,,,0.28471159
11/17/2015,IGHKG10D,,,,0.28739386
11/18/2015,IGHKG10D,,,,0.285057235
11/19/2015,IGHKG10D,,,,0.283172492
11/20/2015,IGHKG10D,,,,0.277916487
11/23/2015,IGHKG10D,,,,0.280269058
11/24/2015,IGHKG10D,,,,0.277959001
11/25/2015,IGHKG10D,,,,0.275006001
11/26/2015,IGHKG10D,,,,0.2707061
11/30/2015,IGHKG10D,,,,0.269767121
12/01/2015,IGHKG10D,,,,0.269734574
12/02/2015,IGHKG10D,,,,0.269493043
12/03/2015,IGHKG10D,,,,0.269762471
12/04/2015,IGHKG10D,,,,0.269869463
12/08/2015,IGHKG10D,,,,0.271554293
12/09/2015,IGHKG10D,,,,0.272520154
12/10/2015,IGHKG10D,,,,0.270094428
12/11/2015,IGHKG10D,,,,0.282920076
12/14/2015,IGHKG10D,,,,0.282488879
12/15/2015,IGHKG10D,,,,0.273101053
12/16/2015,IGHKG10D,,,,0.280435324
12/17/2015,IGHKG10D,,,,0.283371692
12/18/2015,IGHKG10D,,,,0.281578568
12/21/2015,IGHKG10D,,,,0.281659703
12/22/2015,IGHKG10D,,,,0.26904702
12/28/2015,IGHKG10D,,,,0.276347193
01/01/2016,IGHKG10D,,,,0.282201133
01/04/2016,IGHKG10D,,,,0.284284248
01/05/2016,IGHKG10D,,,,0.285151876
01/06/2016,IGHKG10D,,,,0.27725325
01/07/2016,IGHKG10D,,,,0.277919336
01/08/2016,IGHKG10D,,,,0.281625874
01/11/2016,IGHKG10D,,,,0.282559332
01/12/2016,IGHKG10D,,,,0.282989397
01/13/2016,IGHKG10D,,,,0.281104458
01/14/2016,IGHKG10D,,,,0.266238322
01/15/2016,IGHKG10D,,,,0.277487497
01/18/2016,IGHKG10D,,,,0.28428937
01/19/2016,IGHKG10D,,,,0.290173993
01/20/2016,IGHKG10D,,,,0.362975059
01/21/2016,IGHKG10D,,,,0.340253959
01/22/2016,IGHKG10D,,,,0.31103467
01/25/2016,IGHKG10D,,,,0.301135217
01/26/2016,IGHKG10D,,,,0.302519791
01/27/2016,IGHKG10D,,,,0.293314526
01/28/2016,IGHKG10D,,,,0.303903212
01/29/2016,IGHKG10D,,,,0.298175025
02/01/2016,IGHKG10D,,,,0.297736485
02/02/2016,IGHKG10D,,,,0.284226083
02/03/2016,IGHKG10D,,,,0.278789379
02/04/2016,IGHKG10D,,,,0.278543168
02/05/2016,IGHKG10D,,,,0.290165809
02/08/2016,IGHKG10D,,,,0.290212477
02/09/2016,IGHKG10D,,,,0.288885726
02/10/2016,IGHKG10D,,,,0.29023841
02/11/2016,IGHKG10D,,,,0.29054997
02/12/2016,IGHKG10D,,,,0.258347854
02/15/2016,IGHKG10D,,,,0.256350998
02/16/2016,IGHKG10D,,,,0.260498221
02/17/2016,IGHKG10D,,,,0.253915853
02/18/2016,IGHKG10D,,,,0.259694436
02/19/2016,IGHKG10D,,,,0.250969696
02/22/2016,IGHKG10D,,,,0.250092594
02/24/2016,IGHKG10D,,,,0.24609251
02/25/2016,IGHKG10D,,,,0.236097085
02/26/2016,IGHKG10D,,,,0.229982964
02/29/2016,IGHKG10D,,,,0.230371415
03/01/2016,IGHKG10D,,,,0.221923103
03/02/2016,IGHKG10D,,,,0.23531646
03/03/2016,IGHKG10D,,,,0.246596145
03/04/2016,IGHKG10D,,,,0.237748083
03/07/2016,IGHKG10D,,,,0.244636808
03/08/2016,IGHKG10D,,,,0.235375443
03/09/2016,IGHKG10D,,,,0.223788877
03/10/2016,IGHKG10D,,,,0.224744218
03/11/2016,IGHKG10D,,,,0.222586092
03/14/2016,IGHKG10D,,,,0.223111248
03/15/2016,IGHKG10D,,,,0.237177281
03/16/2016,IGHKG10D,,,,0.230185939
03/17/2016,IGHKG10D,,,,0.216871099
03/18/2016,IGHKG10D,,,,0.209252025
03/21/2016,IGHKG10D,,,,0.208748859
03/22/2016,IGHKG10D,,,,0.216608321
03/25/2016,IGHKG10D,,,,0.233123374
03/28/2016,IGHKG10D,,,,0.231565704
03/30/2016,IGHKG10D,,,,0.223136625
03/31/2016,IGHKG10D,,,,0.214646253
04/01/2016,IGHKG10D,,,,0.210637619
04/04/2016,IGHKG10D,,,,0.211803622
04/05/2016,IGHKG10D,,,,0.207383813
04/06/2016,IGHKG10D,,,,0.2138541
04/07/2016,IGHKG10D,,,,0.214640262
04/08/2016,IGHKG10D,,,,0.211821835
04/11/2016,IGHKG10D,,,,0.208804738
04/12/2016,IGHKG10D,,,,0.213984725
04/13/2016,IGHKG10D,,,,0.222244254
04/14/2016,IGHKG10D,,,,0.2197784
04/15/2016,IGHKG10D,,,,0.226254073
04/18/2016,IGHKG10D,,,,0.221771534
04/20/2016,IGHKG10D,,,,0.217724825
04/21/2016,IGHKG10D,,,,0.233661741
04/22/2016,IGHKG10D,,,,0.222185917
04/25/2016,IGHKG10D,,,,0.222396651
04/26/2016,IGHKG10D,,,,0.221077101
04/27/2016,IGHKG10D,,,,0.220976521
04/28/2016,IGHKG10D,,,,0.220093216
05/02/2016,IGHKG10D,,,,0.219680817
05/03/2016,IGHKG10D,,,,0.219162364
05/04/2016,IGHKG10D,,,,0.221536829
05/05/2016,IGHKG10D,,,,0.218817293
05/06/2016,IGHKG10D,,,,0.219601058
05/09/2016,IGHKG10D,,,,0.2203636
05/10/2016,IGHKG10D,,,,0.21957914
05/11/2016,IGHKG10D,,,,0.218702366
05/12/2016,IGHKG10D,,,,0.205835596
05/13/2016,IGHKG10D,,,,0.20557195
05/16/2016,IGHKG10D,,,,0.206665116
05/17/2016,IGHKG10D,,,,0.209885577
05/18/2016,IGHKG10D,,,,0.211722829
05/19/2016,IGHKG10D,,,,0.211262856
05/20/2016,IGHKG10D,,,,0.218973173
05/23/2016,IGHKG10D,,,,0.219499399
05/24/2016,IGHKG10D,,,,0.209885932
05/25/2016,IGHKG10D,,,,0.209308176
05/26/2016,IGHKG10D,,,,0.208597981
05/27/2016,IGHKG10D,,,,0.209248516
05/30/2016,IGHKG10D,,,,0.216153575
05/31/2016,IGHKG10D,,,,0.216709919
06/01/2016,IGHKG10D,,,,0.216461875
06/02/2016,IGHKG10D,,,,0.216797599
06/03/2016,IGHKG10D,,,,0.214176271
06/06/2016,IGHKG10D,,,,0.194097841
06/07/2016,IGHKG10D,,,,0.20011482
06/08/2016,IGHKG10D,,,,0.194881697
06/09/2016,IGHKG10D,,,,0.195293925
06/13/2016,IGHKG10D,,,,0.180753775
06/14/2016,IGHKG10D,,,,0.17950462
06/15/2016,IGHKG10D,,,,0.189078078
06/16/2016,IGHKG10D,,,,0.180708793
06/17/2016,IGHKG10D,,,,0.188817233
06/20/2016,IGHKG10D,,,,0.191606291
06/21/2016,IGHKG10D,,,,0.192139305
06/22/2016,IGHKG10D,,,,0.197195225
06/23/2016,IGHKG10D,,,,0.199381457
06/24/2016,IGHKG10D,,,,0.183415485
06/27/2016,IGHKG10D,,,,0.17655284
06/28/2016,IGHKG10D,,,,0.169403311
06/30/2016,IGHKG10D,,,,0.170259554
07/01/2016,IGHKG10D,,,,0.170194341
07/04/2016,IGHKG10D,,,,0.164442089
07/05/2016,IGHKG10D,,,,0.163498226
07/06/2016,IGHKG10D,,,,0.158918485
07/07/2016,IGHKG10D,,,,0.157905324
07/08/2016,IGHKG10D,,,,0.151690967
07/11/2016,IGHKG10D,,,,0.147933996
07/12/2016,IGHKG10D,,,,0.159242631
07/13/2016,IGHKG10D,,,,0.163004368
07/14/2016,IGHKG10D,,,,0.160300647
07/15/2016,IGHKG10D,,,,0.162453364
07/18/2016,IGHKG10D,,,,0.162135987
07/19/2016,IGHKG10D,,,,0.163551794
07/20/2016,IGHKG10D,,,,0.162835733
07/21/2016,IGHKG10D,,,,0.163226035
07/22/2016,IGHKG10D,,,,0.171453718
07/25/2016,IGHKG10D,,,,0.170415815
07/26/2016,IGHKG10D,,,,0.169370472
07/27/2016,IGHKG10D,,,,0.169367592
07/28/2016,IGHKG10D,,,,0.168971075
07/29/2016,IGHKG10D,,,,0.167417468
08/01/2016,IGHKG10D,,,,0.168459509
08/02/2016,IGHKG10D,,,,0.168288727
08/03/2016,IGHKG10D,,,,0.159182023
08/04/2016,IGHKG10D,,,,0.158455728
08/05/2016,IGHKG10D,,,,0.160326087
08/08/2016,IGHKG10D,,,,0.160127559
08/09/2016,IGHKG10D,,,,0.15882144
08/10/2016,IGHKG10D,,,,0.158120738
08/11/2016,IGHKG10D,,,,0.157302241
08/12/2016,IGHKG10D,,,,0.156782208
08/15/2016,IGHKG10D,,,,0.156466099
08/16/2016,IGHKG10D,,,,0.144004247
08/17/2016,IGHKG10D,,,,0.143810991
08/18/2016,IGHKG10D,,,,0.145271663
08/19/2016,IGHKG10D,,,,0.151117606
08/22/2016,IGHKG10D,,,,0.151985837
08/23/2016,IGHKG10D,,,,0.155094289
08/24/2016,IGHKG10D,,,,0.154066762
08/25/2016,IGHKG10D,,,,0.153989734
08/26/2016,IGHKG10D,,,,0.155589833
08/29/2016,IGHKG10D,,,,0.155673354
08/30/2016,IGHKG10D,,,,0.15655346
08/31/2016,IGHKG10D,,,,0.156614293
09/01/2016,IGHKG10D,,,,0.156585193
09/02/2016,IGHKG10D,,,,0.155401328
09/05/2016,IGHKG10D,,,,0.154577289
09/06/2016,IGHKG10D,,,,0.155046464
09/07/2016,IGHKG10D,,,,0.155517895
09/08/2016,IGHKG10D,,,,0.156101466
09/09/2016,IGHKG10D,,,,0.1435133
09/12/2016,IGHKG10D,,,,0.143370983
09/13/2016,IGHKG10D,,,,0.169693058
09/14/2016,IGHKG10D,,,,0.168923517
09/15/2016,IGHKG10D,,,,0.178650199
09/16/2016,IGHKG10D,,,,0.179310345
09/19/2016,IGHKG10D,,,,0.179267608
09/20/2016,IGHKG10D,,,,0.179075542
09/21/2016,IGHKG10D,,,,0.179440389
09/22/2016,IGHKG10D,,,,0.178628496
09/23/2016,IGHKG10D,,,,0.180323972
09/26/2016,IGHKG10D,,,,0.181129758
09/27/2016,IGHKG10D,,,,0.180735194
09/28/2016,IGHKG10D,,,,0.17919514
09/29/2016,IGHKG10D,,,,0.179996949
09/30/2016,IGHKG10D,,,,0.179808002
10/03/2016,IGHKG10D,,,,0.179695431
10/04/2016,IGHKG10D,,,,0.180661404
10/05/2016,IGHKG10D,,,,0.180415874
10/06/2016,IGHKG10D,,,,0.180960008
10/07/2016,IGHKG10D,,,,0.177444795
10/10/2016,IGHKG10D,,,,0.175790207
10/11/2016,IGHKG10D,,,,0.176965428
10/12/2016,IGHKG10D,,,,0.189144315
10/13/2016,IGHKG10D,,,,0.17929439
10/14/2016,IGHKG10D,,,,0.17803903
10/17/2016,IGHKG10D,,,,0.182233503
10/18/2016,IGHKG10D,,,,0.177258825
10/19/2016,IGHKG10D,,,,0.168723584
10/20/2016,IGHKG10D,,,,0.167488189
10/21/2016,IGHKG10D,,,,0.168681328
10/24/2016,IGHKG10D,,,,0.16428547
10/25/2016,IGHKG10D,,,,0.168890419
10/26/2016,IGHKG10D,,,,0.170807453
10/27/2016,IGHKG10D,,,,0.181626698
10/28/2016,IGHKG10D,,,,0.192161471
10/31/2016,IGHKG10D,,,,0.190415247
11/01/2016,IGHKG10D,,,,0.187199945
11/02/2016,IGHKG10D,,,,0.182540368
11/03/2016,IGHKG10D,,,,0.184020458
11/04/2016,IGHKG10D,,,,0.185482895
11/07/2016,IGHKG10D,,,,0.189375011
11/08/2016,IGHKG10D,,,,0.191289145
11/09/2016,IGHKG10D,,,,0.191931604
11/10/2016,IGHKG10D,,,,0.220431135
11/11/2016,IGHKG10D,,,,0.248485166
11/14/2016,IGHKG10D,,,,0.265117092
11/15/2016,IGHKG10D,,,,0.251413115
11/16/2016,IGHKG10D,,,,0.246333599
11/17/2016,IGHKG10D,,,,0.233458286
11/18/2016,IGHKG10D,,,,0.245639079
11/21/2016,IGHKG10D,,,,0.243607045
11/22/2016,IGHKG10D,,,,0.241314749
11/23/2016,IGHKG10D,,,,0.243304348
11/24/2016,IGHKG10D,,,,0.25440245
11/25/2016,IGHKG10D,,,,0.25858459
11/28/2016,IGHKG10D,,,,0.244767341
11/30/2016,IGHKG10D,,,,0.242884119
12/01/2016,IGHKG10D,,,,0.250339108
12/02/2016,IGHKG10D,,,,0.249974282
12/05/2016,IGHKG10D,,,,0.249499461
12/06/2016,IGHKG10D,,,,0.259251015
12/07/2016,IGHKG10D,,,,0.258410282
12/08/2016,IGHKG10D,,,,0.250259446
12/09/2016,IGHKG10D,,,,0.267602284
12/12/2016,IGHKG10D,,,,0.266632809
12/13/2016,IGHKG10D,,,,0.294765001
12/14/2016,IGHKG10D,,,,0.294354355
12/15/2016,IGHKG10D,,,,0.316753747
12/16/2016,IGHKG10D,,,,0.32500773
12/19/2016,IGHKG10D,,,,0.326663098
12/20/2016,IGHKG10D,,,,0.359688695
12/21/2016,IGHKG10D,,,,0.360987748
12/22/2016,IGHKG10D,,,,0.361567197
12/26/2016,IGHKG10D,,,,0.372079256
12/27/2016,IGHKG10D,,,,0.373941345
01/02/2017,IGHKG10D,,,,0.342001767
01/03/2017,IGHKG10D,,,,0.341877381
01/04/2017,IGHKG10D,,,,0.338622523
01/05/2017,IGHKG10D,,,,0.336727905
01/06/2017,IGHKG10D,,,,0.336952069
01/09/2017,IGHKG10D,,,,0.304202597
01/10/2017,IGHKG10D,,,,0.29780698
01/11/2017,IGHKG10D,,,,0.297601849
01/12/2017,IGHKG10D,,,,0.293997965
01/13/2017,IGHKG10D,,,,0.294953322
01/16/2017,IGHKG10D,,,,0.301768814
01/17/2017,IGHKG10D,,,,0.298733411
01/18/2017,IGHKG10D,,,,0.303859841
01/19/2017,IGHKG10D,,,,0.310117453
01/20/2017,IGHKG10D,,,,0.310133429
01/23/2017,IGHKG10D,,,,0.308233206
01/24/2017,IGHKG10D,,,,0.3064185
01/25/2017,IGHKG10D,,,,0.30972482
01/26/2017,IGHKG10D,,,,0.310153389
01/27/2017,IGHKG10D,,,,0.330954036
01/30/2017,IGHKG10D,,,,0.330080998
01/31/2017,IGHKG10D,,,,0.327863345
02/01/2017,IGHKG10D,,,,0.326096097
02/02/2017,IGHKG10D,,,,0.32871101
02/03/2017,IGHKG10D,,,,0.325873445
02/06/2017,IGHKG10D,,,,0.326165781
02/07/2017,IGHKG10D,,,,0.320371189
02/08/2017,IGHKG10D,,,,0.316164012
02/09/2017,IGHKG10D,,,,0.308083376
02/10/2017,IGHKG10D,,,,0.306132776
02/13/2017,IGHKG10D,,,,0.305154431
02/14/2017,IGHKG10D,,,,0.311514927
02/15/2017,IGHKG10D,,,,0.316256174
02/16/2017,IGHKG10D,,,,0.321966506
02/17/2017,IGHKG10D,,,,0.321736635
02/20/2017,IGHKG10D,,,,0.321943145
02/21/2017,IGHKG10D,,,,0.321100141
02/22/2017,IGHKG10D,,,,0.323193594
02/23/2017,IGHKG10D,,,,0.323136434
02/24/2017,IGHKG10D,,,,0.322716691
02/27/2017,IGHKG10D,,,,0.324958807
02/28/2017,IGHKG10D,,,,0.311723476
03/01/2017,IGHKG10D,,,,0.312280039
03/02/2017,IGHKG10D,,,,0.313847959
03/03/2017,IGHKG10D,,,,0.334177826
03/06/2017,IGHKG10D,,,,0.334968732
03/07/2017,IGHKG10D,,,,0.330015896
03/08/2017,IGHKG10D,,,,0.331902619
03/09/2017,IGHKG10D,,,,0.336222199
03/10/2017,IGHKG10D,,,,0.340285972
03/13/2017,IGHKG10D,,,,0.338437024
03/14/2017,IGHKG10D,,,,0.342463376
03/15/2017,IGHKG10D,,,,0.337908463
03/16/2017,IGHKG10D,,,,0.321374033
03/17/2017,IGHKG10D,,,,0.322225472
03/20/2017,IGHKG10D,,,,0.321948536
03/21/2017,IGHKG10D,,,,0.314531384
03/22/2017,IGHKG10D,,,,0.294228722
03/23/2017,IGHKG10D,,,,0.292115127
03/27/2017,IGHKG10D,,,,0.295242361
03/28/2017,IGHKG10D,,,,0.295318665
03/29/2017,IGHKG10D,,,,0.294041962
03/30/2017,IGHKG10D,,,,0.283064239
03/31/2017,IGHKG10D,,,,0.28552821
04/03/2017,IGHKG10D,,,,0.286875366
04/04/2017,IGHKG10D,,,,0.287375157
04/05/2017,IGHKG10D,,,,0.28556109
04/06/2017,IGHKG10D,,,,0.277149419
04/07/2017,IGHKG10D,,,,0.278233253
04/10/2017,IGHKG10D,,,,0.276524573
04/11/2017,IGHKG10D,,,,0.274886393
04/14/2017,IGHKG10D,,,,0.274872252
04/17/2017,IGHKG10D,,,,0.274702677
04/18/2017,IGHKG10D,,,,0.275870377
04/19/2017,IGHKG10D,,,,0.248620702
04/20/2017,IGHKG10D,,,,0.249350199
04/21/2017,IGHKG10D,,,,0.249908824
04/24/2017,IGHKG10D,,,,0.249796032
04/25/2017,IGHKG10D,,,,0.251099323
04/26/2017,IGHKG10D,,,,0.26358163
04/27/2017,IGHKG10D,,,,0.26075071
05/01/2017,IGHKG10D,,,,0.258741997
05/02/2017,IGHKG10D,,,,0.266969761
05/03/2017,IGHKG10D,,,,0.267323064
05/04/2017,IGHKG10D,,,,0.267677303
05/05/2017,IGHKG10D,,,,0.265752175
05/08/2017,IGHKG10D,,,,0.258922446
05/09/2017,IGHKG10D,,,,0.257938257
05/10/2017,IGHKG10D,,,,0.258542061
05/11/2017,IGHKG10D,,,,0.260293006
05/12/2017,IGHKG10D,,,,0.260393758
05/15/2017,IGHKG10D,,,,0.250372056
05/16/2017,IGHKG10D,,,,0.248811854
05/17/2017,IGHKG10D,,,,0.248846638
05/18/2017,IGHKG10D,,,,0.236912963
05/19/2017,IGHKG10D,,,,0.241039178
05/22/2017,IGHKG10D,,,,0.244431337
05/23/2017,IGHKG10D,,,,0.244545881
05/24/2017,IGHKG10D,,,,0.242054884
05/25/2017,IGHKG10D,,,,0.242310954
05/26/2017,IGHKG10D,,,,0.231089174
05/29/2017,IGHKG10D,,,,0.228414565
05/30/2017,IGHKG10D,,,,0.228548724
05/31/2017,IGHKG10D,,,,0.226855222
06/01/2017,IGHKG10D,,,,0.228483198
06/02/2017,IGHKG10D,,,,0.226627424
06/05/2017,IGHKG10D,,,,0.226368761
06/06/2017,IGHKG10D,,,,0.212185563
06/07/2017,IGHKG10D,,,,0.208871401
06/08/2017,IGHKG10D,,,,0.211571451
06/12/2017,IGHKG10D,,,,0.221443827
06/13/2017,IGHKG10D,,,,0.220134867
06/14/2017,IGHKG10D,,,,0.234466589
06/15/2017,IGHKG10D,,,,0.22556391
06/16/2017,IGHKG10D,,,,0.228705021
06/19/2017,IGHKG10D,,,,0.228829073
06/20/2017,IGHKG10D,,,,0.238484044
06/21/2017,IGHKG10D,,,,0.234545952
06/22/2017,IGHKG10D,,,,0.229984555
06/23/2017,IGHKG10D,,,,0.22728046
06/26/2017,IGHKG10D,,,,0.227249567
06/27/2017,IGHKG10D,,,,0.220511085
06/28/2017,IGHKG10D,,,,0.228453967
06/29/2017,IGHKG10D,,,,0.244272265
06/30/2017,IGHKG10D,,,,0.247321651
07/03/2017,IGHKG10D,,,,0.248026119
07/04/2017,IGHKG10D,,,,0.270315064
07/05/2017,IGHKG10D,,,,0.262908928
07/06/2017,IGHKG10D,,,,0.262095099
07/07/2017,IGHKG10D,,,,0.270698012
07/10/2017,IGHKG10D,,,,0.27313386
07/11/2017,IGHKG10D,,,,0.271968257
07/12/2017,IGHKG10D,,,,0.26284856
07/13/2017,IGHKG10D,,,,0.256000782
07/14/2017,IGHKG10D,,,,0.256825731
07/17/2017,IGHKG10D,,,,0.254857924
07/18/2017,IGHKG10D,,,,0.25163441
07/19/2017,IGHKG10D,,,,0.250601476
07/20/2017,IGHKG10D,,,,0.250548175
07/21/2017,IGHKG10D,,,,0.248261686
07/24/2017,IGHKG10D,,,,0.245540365
07/25/2017,IGHKG10D,,,,0.247861057
07/26/2017,IGHKG10D,,,,0.252976902
07/27/2017,IGHKG10D,,,,0.24521233
07/28/2017,IGHKG10D,,,,0.241727444
07/31/2017,IGHKG10D,,,,0.242569511
08/01/2017,IGHKG10D,,,,0.247484231
08/02/2017,IGHKG10D,,,,0.244361204
08/03/2017,IGHKG10D,,,,0.243328985
08/04/2017,IGHKG10D,,,,0.247774721
08/07/2017,IGHKG10D,,,,0.248966021
08/08/2017,IGHKG10D,,,,0.248902852
08/09/2017,IGHKG10D,,,,0.25175939
08/10/2017,IGHKG10D,,,,0.25306961
08/11/2017,IGHKG10D,,,,0.251292943
08/14/2017,IGHKG10D,,,,0.248910002
08/15/2017,IGHKG10D,,,,0.253779786
08/16/2017,IGHKG10D,,,,0.257043276
08/17/2017,IGHKG10D,,,,0.254165856
08/18/2017,IGHKG10D,,,,0.252465928
08/21/2017,IGHKG10D,,,,0.253607486
08/23/2017,IGHKG10D,,,,0.253522031
08/24/2017,IGHKG10D,,,,0.254641485
08/25/2017,IGHKG10D,,,,0.257826594
08/28/2017,IGHKG10D,,,,0.254413458
08/29/2017,IGHKG10D,,,,0.25440939
08/30/2017,IGHKG10D,,,,0.241813196
08/31/2017,IGHKG10D,,,,0.236093608
09/01/2017,IGHKG10D,,,,0.233427888
09/04/2017,IGHKG10D,,,,0.23398311
09/06/2017,IGHKG10D,,,,0.226402712
09/07/2017,IGHKG10D,,,,0.224738271
09/08/2017,IGHKG10D,,,,0.216900839
09/11/2017,IGHKG10D,,,,0.216170952
09/12/2017,IGHKG10D,,,,0.232293292
09/13/2017,IGHKG10D,,,,0.235776285
09/14/2017,IGHKG10D,,,,0.237468662
09/15/2017,IGHKG10D,,,,0.235866717
09/18/2017,IGHKG10D,,,,0.237795672
09/19/2017,IGHKG10D,,,,0.24947632
09/20/2017,IGHKG10D,,,,0.253408534
09/21/2017,IGHKG10D,,,,0.265560821
09/22/2017,IGHKG10D,,,,0.260887428
09/25/2017,IGHKG10D,,,,0.260957689
09/26/2017,IGHKG10D,,,,0.260528646
09/27/2017,IGHKG10D,,,,0.260084671
09/28/2017,IGHKG10D,,,,0.272368589
09/29/2017,IGHKG10D,,,,0.273355794
10/02/2017,IGHKG10D,,,,0.274170043
10/03/2017,IGHKG10D,,,,0.273731673
10/04/2017,IGHKG10D,,,,0.284312472
10/05/2017,IGHKG10D,,,,0.286275204
10/06/2017,IGHKG10D,,,,0.28575559
10/09/2017,IGHKG10D,,,,0.286031256
10/10/2017,IGHKG10D,,,,0.283093012
10/11/2017,IGHKG10D,,,,0.281245012
10/12/2017,IGHKG10D,,,,0.283153034
10/13/2017,IGHKG10D,,,,0.278731731
10/16/2017,IGHKG10D,,,,0.271986657
10/17/2017,IGHKG10D,,,,0.276044591
10/18/2017,IGHKG10D,,,,0.279272518
10/19/2017,IGHKG10D,,,,0.289135795
10/20/2017,IGHKG10D,,,,0.298459148
10/23/2017,IGHKG10D,,,,0.299156392
10/24/2017,IGHKG10D,,,,0.300190055
10/25/2017,IGHKG10D,,,,0.307871471
10/26/2017,IGHKG10D,,,,0.308280087
10/27/2017,IGHKG10D,,,,0.314367325
10/30/2017,IGHKG10D,,,,0.309882334
11/01/2017,IGHKG10D,,,,0.305275491
11/02/2017,IGHKG10D,,,,0.303811604
11/03/2017,IGHKG10D,,,,0.292544053
11/06/2017,IGHKG10D,,,,0.293317698
11/07/2017,IGHKG10D,,,,0.289914384
11/08/2017,IGHKG10D,,,,0.293214915
11/09/2017,IGHKG10D,,,,0.292228384
11/10/2017,IGHKG10D,,,,0.282592436
11/12/2017,IGHKG10D,,,,0.282592436
11/13/2017,IGHKG10D,,,,0.2856863
11/14/2017,IGHKG10D,,,,0.287705212
11/15/2017,IGHKG10D,,,,0.282429515
11/16/2017,IGHKG10D,,,,0.283291673
11/17/2017,IGHKG10D,,,,0.282417546
11/19/2017,IGHKG10D,,,,0.282417546
11/20/2017,IGHKG10D,,,,0.278894926
11/21/2017,IGHKG10D,,,,0.282890754
11/22/2017,IGHKG10D,,,,0.283944999
11/23/2017,IGHKG10D,,,,0.281472317
11/24/2017,IGHKG10D,,,,0.290395609
11/26/2017,IGHKG10D,,,,0.290395609
11/27/2017,IGHKG10D,,,,0.300767883
11/28/2017,IGHKG10D,,,,0.302880983
11/29/2017,IGHKG10D,,,,0.301881818
11/30/2017,IGHKG10D,,,,0.30919151
12/01/2017,IGHKG10D,,,,0.3029811
12/03/2017,IGHKG10D,,,,0.3029811
12/04/2017,IGHKG10D,,,,0.307961618
12/05/2017,IGHKG10D,,,,0.312038315
12/06/2017,IGHKG10D,,,,0.310085134
12/07/2017,IGHKG10D,,,,0.303594066
12/08/2017,IGHKG10D,,,,0.311260349
12/10/2017,IGHKG10D,,,,0.311260349
12/11/2017,IGHKG10D,,,,0.300065876
12/12/2017,IGHKG10D,,,,0.304168726
12/13/2017,IGHKG10D,,,,0.306618492
12/14/2017,IGHKG10D,,,,0.303253832
12/15/2017,IGHKG10D,,,,0.302047135
12/16/2017,IGHKG10D,,,,0.302047135
12/17/2017,IGHKG10D,,,,0.302047135
12/18/2017,IGHKG10D,,,,0.296470666
12/19/2017,IGHKG10D,,,,0.300103825
12/20/2017,IGHKG10D,,,,0.302707137
12/21/2017,IGHKG10D,,,,0.309735234
12/22/2017,IGHKG10D,,,,0.308045677
12/25/2017,IGHKG10D,,,,0.314999104
12/26/2017,IGHKG10D,,,,0.307264839
12/27/2017,IGHKG10D,,,,0.306443249
12/28/2017,IGHKG10D,,,,0.292414592
12/29/2017,IGHKG10D,,,,0.291474766
01/01/2018,IGHKG10D,,,,0.290683669
01/02/2018,IGHKG10D,,,,0.291328998
01/03/2018,IGHKG10D,,,,0.299759423
01/04/2018,IGHKG10D,,,,0.300357873
01/05/2018,IGHKG10D,,,,0.300326995
01/07/2018,IGHKG10D,,,,0.300326995
01/08/2018,IGHKG10D,,,,0.305003971
01/09/2018,IGHKG10D,,,,0.313222284
01/10/2018,IGHKG10D,,,,0.322611695
01/11/2018,IGHKG10D,,,,0.316431384
01/12/2018,IGHKG10D,,,,0.309473751
01/14/2018,IGHKG10D,,,,0.309473751
01/15/2018,IGHKG10D,,,,0.305866277
01/16/2018,IGHKG10D,,,,0.309856916
01/17/2018,IGHKG10D,,,,0.318263554
01/18/2018,IGHKG10D,,,,0.320960976
01/19/2018,IGHKG10D,,,,0.329838916
01/21/2018,IGHKG10D,,,,0.329838916
01/22/2018,IGHKG10D,,,,0.330324594
01/23/2018,IGHKG10D,,,,0.322411575
01/24/2018,IGHKG10D,,,,0.313433072
01/25/2018,IGHKG10D,,,,0.319856785
01/26/2018,IGHKG10D,,,,0.311717359
01/28/2018,IGHKG10D,,,,0.311717359
01/29/2018,IGHKG10D,,,,0.319667861
01/30/2018,IGHKG10D,,,,0.323832358
01/31/2018,IGHKG10D,,,,0.319787123
02/01/2018,IGHKG10D,,,,0.325860148
02/02/2018,IGHKG10D,,,,0.333688208
02/04/2018,IGHKG10D,,,,0.333688208
02/05/2018,IGHKG10D,,,,0.344296733
02/06/2018,IGHKG10D,,,,0.322745574
02/07/2018,IGHKG10D,,,,0.324779729
02/08/2018,IGHKG10D,,,,0.331157844
02/09/2018,IGHKG10D,,,,0.331643736
02/11/2018,IGHKG10D,,,,0.331643736
02/12/2018,IGHKG10D,,,,0.330539962
02/13/2018,IGHKG10D,,,,0.327264532
02/14/2018,IGHKG10D,,,,0.317320898
02/15/2018,IGHKG10D,,,,0.325391379
02/16/2018,IGHKG10D,,,,0.327221348
02/18/2018,IGHKG10D,,,,0.327381908
02/19/2018,IGHKG10D,,,,0.327523894
02/20/2018,IGHKG10D,,,,0.33014826
02/21/2018,IGHKG10D,,,,0.328268069
02/22/2018,IGHKG10D,,,,0.336992887
02/23/2018,IGHKG10D,,,,0.330836051
02/25/2018,IGHKG10D,,,,0.330836051
02/26/2018,IGHKG10D,,,,0.323427849
02/27/2018,IGHKG10D,,,,0.320948152
02/28/2018,IGHKG10D,,,,0.330928173
03/01/2018,IGHKG10D,,,,0.324501682
03/02/2018,IGHKG10D,,,,0.319810483
03/04/2018,IGHKG10D,,,,0.319810483
03/05/2018,IGHKG10D,,,,0.32792584
03/06/2018,IGHKG10D,,,,0.330916802
03/07/2018,IGHKG10D,,,,0.3423269
03/08/2018,IGHKG10D,,,,0.336897516
03/09/2018,IGHKG10D,,,,0.342600164
03/11/2018,IGHKG10D,,,,0.342600164
03/12/2018,IGHKG10D,,,,0.33845549
03/13/2018,IGHKG10D,,,,0.336569472
03/14/2018,IGHKG10D,,,,0.327186199
03/15/2018,IGHKG10D,,,,0.323767354
03/16/2018,IGHKG10D,,,,0.321169102
03/18/2018,IGHKG10D,,,,0.321169102
03/19/2018,IGHKG10D,,,,0.330220147
03/20/2018,IGHKG10D,,,,0.328122917
03/21/2018,IGHKG10D,,,,0.331392672
03/22/2018,IGHKG10D,,,,0.333256382
03/23/2018,IGHKG10D,,,,0.331339162
03/25/2018,IGHKG10D,,,,0.331339162
03/26/2018,IGHKG10D,,,,0.333775311
03/27/2018,IGHKG10D,,,,0.3330268
03/28/2018,IGHKG10D,,,,0.322006819
03/29/2018,IGHKG10D,,,,0.322882469
03/30/2018,IGHKG10D,,,,0.323227344
04/02/2018,IGHKG10D,,,,0.323700754
04/03/2018,IGHKG10D,,,,0.319727114
04/04/2018,IGHKG10D,,,,0.316985062
04/05/2018,IGHKG10D,,,,0.316470091
04/06/2018,IGHKG10D,,,,0.31931185
04/08/2018,IGHKG10D,,,,0.31931185
04/09/2018,IGHKG10D,,,,0.314219144
04/10/2018,IGHKG10D,,,,0.311054728
04/11/2018,IGHKG10D,,,,0.310501258
04/12/2018,IGHKG10D,,,,0.310570957
04/13/2018,IGHKG10D,,,,0.317899102
04/15/2018,IGHKG10D,,,,0.317899102
04/16/2018,IGHKG10D,,,,0.325947746
04/17/2018,IGHKG10D,,,,0.32743377
04/18/2018,IGHKG10D,,,,0.338091177
04/19/2018,IGHKG10D,,,,0.345952581
04/20/2018,IGHKG10D,,,,0.350751611
04/22/2018,IGHKG10D,,,,0.350751611
04/23/2018,IGHKG10D,,,,0.362825912
04/24/2018,IGHKG10D,,,,0.359847555
04/25/2018,IGHKG10D,,,,0.36833317
04/26/2018,IGHKG10D,,,,0.364641428
04/27/2018,IGHKG10D,,,,0.359858084
04/29/2018,IGHKG10D,,,,0.359858084
04/30/2018,IGHKG10D,,,,0.357809278
05/01/2018,IGHKG10D,,,,0.357873713
05/02/2018,IGHKG10D,,,,0.361845346
05/03/2018,IGHKG10D,,,,0.360820523
05/04/2018,IGHKG10D,,,,0.362895305
05/06/2018,IGHKG10D,,,,0.362895305
05/07/2018,IGHKG10D,,,,0.362875431
05/08/2018,IGHKG10D,,,,0.36284135
05/09/2018,IGHKG10D,,,,0.366985999
05/10/2018,IGHKG10D,,,,0.358362885
05/11/2018,IGHKG10D,,,,0.352747486
05/13/2018,IGHKG10D,,,,0.352747486
05/14/2018,IGHKG10D,,,,0.354892422
05/15/2018,IGHKG10D,,,,0.364471418
05/16/2018,IGHKG10D,,,,0.371649695
05/17/2018,IGHKG10D,,,,0.388663175
05/18/2018,IGHKG10D,,,,0.390978925
05/20/2018,IGHKG10D,,,,0.390978925
05/21/2018,IGHKG10D,,,,0.385367443
05/22/2018,IGHKG10D,,,,0.386299043
05/23/2018,IGHKG10D,,,,0.376716808
05/24/2018,IGHKG10D,,,,0.372322088
05/25/2018,IGHKG10D,,,,0.372238391
05/27/2018,IGHKG10D,,,,0.372238391
05/28/2018,IGHKG10D,,,,0.371848809
05/29/2018,IGHKG10D,,,,0.359626267
05/30/2018,IGHKG10D,,,,0.353539496
05/31/2018,IGHKG10D,,,,0.360058165
06/01/2018,IGHKG10D,,,,0.364323682
06/04/2018,IGHKG10D,,,,0.372836657
06/05/2018,IGHKG10D,,,,0.377105824
06/06/2018,IGHKG10D,,,,0.3789241
06/07/2018,IGHKG10D,,,,0.388755684
06/08/2018,IGHKG10D,,,,0.380971213
06/11/2018,IGHKG10D,,,,0.385079811
06/12/2018,IGHKG10D,,,,0.388016124
06/13/2018,IGHKG10D,,,,0.388918311
06/14/2018,IGHKG10D,,,,0.390536299
06/15/2018,IGHKG10D,,,,0.389811403
06/18/2018,IGHKG10D,,,,0.392397612
06/19/2018,IGHKG10D,,,,0.383391449
06/20/2018,IGHKG10D,,,,0.390280323
06/21/2018,IGHKG10D,,,,0.393245078
06/22/2018,IGHKG10D,,,,0.390965996
06/25/2018,IGHKG10D,,,,0.383174878
06/26/2018,IGHKG10D,,,,0.379748982
06/27/2018,IGHKG10D,,,,0.37875697
06/28/2018,IGHKG10D,,,,0.375097066
06/29/2018,IGHKG10D,,,,0.371945095
07/02/2018,IGHKG10D,,,,0.377748638
07/03/2018,IGHKG10D,,,,0.377567088
07/04/2018,IGHKG10D,,,,0.373350769
07/05/2018,IGHKG10D,,,,0.370940743
07/06/2018,IGHKG10D,,,,0.363948584
07/09/2018,IGHKG10D,,,,0.363712305
07/10/2018,IGHKG10D,,,,0.36658925
07/11/2018,IGHKG10D,,,,0.36953522
07/12/2018,IGHKG10D,,,,0.3681105
07/13/2018,IGHKG10D,,,,0.368338952
07/16/2018,IGHKG10D,,,,0.366229245
07/17/2018,IGHKG10D,,,,0.367768178
07/18/2018,IGHKG10D,,,,0.364341215
07/19/2018,IGHKG10D,,,,0.368948783
07/20/2018,IGHKG10D,,,,0.361942424
07/23/2018,IGHKG10D,,,,0.365339736
07/24/2018,IGHKG10D,,,,0.372730169
07/25/2018,IGHKG10D,,,,0.368891993
07/26/2018,IGHKG10D,,,,0.369074398
07/27/2018,IGHKG10D,,,,0.370321078
07/30/2018,IGHKG10D,,,,0.368001329
07/31/2018,IGHKG10D,,,,0.364305367
08/01/2018,IGHKG10D,,,,0.371542681
08/02/2018,IGHKG10D,,,,0.374856877
08/03/2018,IGHKG10D,,,,0.372111501
08/06/2018,IGHKG10D,,,,0.368203888
08/07/2018,IGHKG10D,,,,0.366433799
08/08/2018,IGHKG10D,,,,0.370229008
08/09/2018,IGHKG10D,,,,0.369144815
08/10/2018,IGHKG10D,,,,0.36610283
08/12/2018,IGHKG10D,,,,0.371629543
08/13/2018,IGHKG10D,,,,0.35711895
08/14/2018,IGHKG10D,,,,0.360321395
08/15/2018,IGHKG10D,,,,0.367368809
08/16/2018,IGHKG10D,,,,0.368197892
08/17/2018,IGHKG10D,,,,0.365599987
08/20/2018,IGHKG10D,,,,0.36606653
08/21/2018,IGHKG10D,,,,0.361105574
08/22/2018,IGHKG10D,,,,0.361679225
08/23/2018,IGHKG10D,,,,0.361387541
08/24/2018,IGHKG10D,,,,0.35969193
08/27/2018,IGHKG10D,,,,0.357225472
08/28/2018,IGHKG10D,,,,0.361680041
08/29/2018,IGHKG10D,,,,0.362751385
08/30/2018,IGHKG10D,,,,0.368538582
08/31/2018,IGHKG10D,,,,0.365515293
09/03/2018,IGHKG10D,,,,0.370673117
09/04/2018,IGHKG10D,,,,0.375411709
09/05/2018,IGHKG10D,,,,0.376987792
09/06/2018,IGHKG10D,,,,0.379573043
09/07/2018,IGHKG10D,,,,0.383699879
09/10/2018,IGHKG10D,,,,0.392485743
09/11/2018,IGHKG10D,,,,0.394458598
09/12/2018,IGHKG10D,,,,0.395183596
09/13/2018,IGHKG10D,,,,0.394248609
09/14/2018,IGHKG10D,,,,0.39641795
09/17/2018,IGHKG10D,,,,0.399654066
09/18/2018,IGHKG10D,,,,0.395546585
09/19/2018,IGHKG10D,,,,0.399473078
09/20/2018,IGHKG10D,,,,0.40102024
09/21/2018,IGHKG10D,,,,0.406576684
09/24/2018,IGHKG10D,,,,0.410799874
09/26/2018,IGHKG10D,,,,0.406367197
09/27/2018,IGHKG10D,,,,0.402229788
09/28/2018,IGHKG10D,,,,0.395752259
10/01/2018,IGHKG10D,,,,0.3930367
10/02/2018,IGHKG10D,,,,0.3937588
10/03/2018,IGHKG10D,,,,0.39331286
10/04/2018,IGHKG10D,,,,0.410637982
10/05/2018,IGHKG10D,,,,0.411216805
10/08/2018,IGHKG10D,,,,0.419268806
10/09/2018,IGHKG10D,,,,0.421212722
10/10/2018,IGHKG10D,,,,0.421071941
10/11/2018,IGHKG10D,,,,0.411343979
10/12/2018,IGHKG10D,,,,0.409608511
10/15/2018,IGHKG10D,,,,0.401691683
10/16/2018,IGHKG10D,,,,0.404450608
10/17/2018,IGHKG10D,,,,0.40395987
10/18/2018,IGHKG10D,,,,0.414704998
10/19/2018,IGHKG10D,,,,0.412190273
10/22/2018,IGHKG10D,,,,0.415190212
10/23/2018,IGHKG10D,,,,0.40882078
10/24/2018,IGHKG10D,,,,0.406800546
10/25/2018,IGHKG10D,,,,0.402494331
10/26/2018,IGHKG10D,,,,0.400769102
10/29/2018,IGHKG10D,,,,0.395946738
10/30/2018,IGHKG10D,,,,0.400621741
10/31/2018,IGHKG10D,,,,0.4070743
11/01/2018,IGHKG10D,,,,0.406267749
11/02/2018,IGHKG10D,,,,0.40874174
11/05/2018,IGHKG10D,,,,0.408699729
11/06/2018,IGHKG10D,,,,0.406617166
11/07/2018,IGHKG10D,,,,0.408146176
11/08/2018,IGHKG10D,,,,0.413885854
11/09/2018,IGHKG10D,,,,0.415014762
11/12/2018,IGHKG10D,,,,0.40806318
11/13/2018,IGHKG10D,,,,0.407932107
11/14/2018,IGHKG10D,,,,0.396828081
11/15/2018,IGHKG10D,,,,0.392437456
11/16/2018,IGHKG10D,,,,0.386120488
11/19/2018,IGHKG10D,,,,0.383431714
11/20/2018,IGHKG10D,,,,0.390563921
11/21/2018,IGHKG10D,,,,0.388274056
11/22/2018,IGHKG10D,,,,0.388127085
11/23/2018,IGHKG10D,,,,0.388474358
11/26/2018,IGHKG10D,,,,0.391183546
11/27/2018,IGHKG10D,,,,0.392300112
11/28/2018,IGHKG10D,,,,0.391674583
11/29/2018,IGHKG10D,,,,0.388280255
11/30/2018,IGHKG10D,,,,0.391826882
12/03/2018,IGHKG10D,,,,0.376281434
12/04/2018,IGHKG10D,,,,0.375023375
12/05/2018,IGHKG10D,,,,0.366032962
12/06/2018,IGHKG10D,,,,0.358776664
12/07/2018,IGHKG10D,,,,0.349953124
12/10/2018,IGHKG10D,,,,0.362199595
12/11/2018,IGHKG10D,,,,0.368511222
12/12/2018,IGHKG10D,,,,0.367610616
12/13/2018,IGHKG10D,,,,0.372478632
12/14/2018,IGHKG10D,,,,0.367705014
12/15/2018,IGHKG10D,,,,0.373359378
12/17/2018,IGHKG10D,,,,0.361935816
12/18/2018,IGHKG10D,,,,0.362900448
12/19/2018,IGHKG10D,,,,0.350175777
12/20/2018,IGHKG10D,,,,0.359768092
12/21/2018,IGHKG10D,,,,0.361217721
12/22/2018,IGHKG10D,,,,0.362086032
12/24/2018,IGHKG10D,,,,0.361368335
12/25/2018,IGHKG10D,,,,0.360954447
12/26/2018,IGHKG10D,,,,0.357885976
12/27/2018,IGHKG10D,,,,0.356981316
12/28/2018,IGHKG10D,,,,0.345596433
12/31/2018,IGHKG10D,,,,0.345500139
01/01/2019,IGHKG10D,,,,0.339650247
01/02/2019,IGHKG10D,,,,0.333333333
01/03/2019,IGHKG10D,,,,0.322013749
01/04/2019,IGHKG10D,,,,0.331910534
01/07/2019,IGHKG10D,,,,0.338171632
01/08/2019,IGHKG10D,,,,0.341276697
01/09/2019,IGHKG10D,,,,0.332867039
01/10/2019,IGHKG10D,,,,0.335416315
01/11/2019,IGHKG10D,,,,0.332238846
01/14/2019,IGHKG10D,,,,0.340077267
01/15/2019,IGHKG10D,,,,0.34203938
01/16/2019,IGHKG10D,,,,0.335029328
01/17/2019,IGHKG10D,,,,0.33557956
01/18/2019,IGHKG10D,,,,0.335108631